,,cost,cost,cost,cost,time,time,time,time,bb_time,heuristic_time,nodes_explored,nodes_explored,nodes_explored,optimal,optimal,heuristic_calls,heuristic_improvements,heuristic_efficiency
,,mean,min,std,count,mean,min,max,std,mean,mean,mean,min,max,sum,count,mean,mean,mean
filename,combination,,,,,,,,,,,,,,,,,,
scp41.txt,best_first_advanced,inf,inf,,1,120.0,120.0,120.0,,120.0,0.0,0.0,0,0,0,1,0.0,0.0,0.0
scp41.txt,best_first_basic,429.0,429.0,,1,0.376,0.376,0.376,,0.047,0.329,1.0,1,1,1,1,3.0,0.0,0.0
scp41.txt,best_first_intermediate,429.0,429.0,,1,21.0118,21.0118,21.0118,,0.034,20.9778,1.0,1,1,1,1,4.0,1.0,0.25
scp41.txt,best_first_none,429.0,429.0,,1,0.034,0.034,0.034,,0.034,0.0,1.0,1,1,1,1,0.0,0.0,0.0
scp41.txt,breadth_first_advanced,inf,inf,,1,120.0,120.0,120.0,,120.0,0.0,0.0,0,0,0,1,0.0,0.0,0.0
scp41.txt,breadth_first_basic,429.0,429.0,,1,0.326,0.326,0.326,,0.035,0.291,1.0,1,1,1,1,3.0,0.0,0.0
scp41.txt,breadth_first_intermediate,429.0,429.0,,1,22.1306,22.1306,22.1306,,0.043,22.0876,1.0,1,1,1,1,4.0,1.0,0.25
scp41.txt,breadth_first_none,429.0,429.0,,1,0.034,0.034,0.034,,0.034,0.0,1.0,1,1,1,1,0.0,0.0,0.0
scp41.txt,depth_first_advanced,inf,inf,,1,120.0,120.0,120.0,,120.0,0.0,0.0,0,0,0,1,0.0,0.0,0.0
scp41.txt,depth_first_basic,429.0,429.0,,1,0.343,0.343,0.343,,0.035,0.308,1.0,1,1,1,1,3.0,0.0,0.0
scp41.txt,depth_first_intermediate,429.0,429.0,,1,19.406,19.406,19.406,,0.035,19.371,1.0,1,1,1,1,4.0,1.0,0.25
scp41.txt,depth_first_none,429.0,429.0,,1,0.038,0.038,0.038,,0.038,0.0,1.0,1,1,1,1,0.0,0.0,0.0
scp41.txt,hybrid_df_bf_advanced,inf,inf,,1,120.0,120.0,120.0,,120.0,0.0,0.0,0,0,0,1,0.0,0.0,0.0
scp41.txt,hybrid_df_bf_basic,429.0,429.0,,1,0.309,0.309,0.309,,0.034,0.275,1.0,1,1,1,1,3.0,0.0,0.0
scp41.txt,hybrid_df_bf_intermediate,429.0,429.0,,1,19.215,19.215,19.215,,0.034,19.181,1.0,1,1,1,1,4.0,1.0,0.25
scp41.txt,hybrid_df_bf_none,429.0,429.0,,1,0.034,0.034,0.034,,0.034,0.0,1.0,1,1,1,1,0.0,0.0,0.0
scp41.txt,most_fractional_advanced,inf,inf,,1,120.0,120.0,120.0,,120.0,0.0,0.0,0,0,0,1,0.0,0.0,0.0
scp41.txt,most_fractional_basic,429.0,429.0,,1,0.324,0.324,0.324,,0.039,0.285,1.0,1,1,1,1,3.0,0.0,0.0
scp41.txt,most_fractional_intermediate,429.0,429.0,,1,19.048,19.048,19.048,,0.035,19.013,1.0,1,1,1,1,4.0,1.0,0.25
scp41.txt,most_fractional_none,429.0,429.0,,1,0.035,0.035,0.035,,0.035,0.0,1.0,1,1,1,1,0.0,0.0,0.0
scp410.txt,best_first_advanced,inf,inf,,1,120.0,120.0,120.0,,120.0,0.0,0.0,0,0,0,1,0.0,0.0,0.0
scp410.txt,best_first_basic,514.0,514.0,,1,0.4593,0.4593,0.4593,,0.1822,0.2771,5.0,5,5,1,1,3.0,0.0,0.0
scp410.txt,best_first_intermediate,514.0,514.0,,1,39.5546,39.5546,39.5546,,0.178,39.3766,5.0,5,5,1,1,4.0,1.0,0.25
scp410.txt,best_first_none,514.0,514.0,,1,0.178,0.178,0.178,,0.178,0.0,5.0,5,5,1,1,0.0,0.0,0.0
scp410.txt,breadth_first_advanced,inf,inf,,1,120.0,120.0,120.0,,120.0,0.0,0.0,0,0,0,1,0.0,0.0,0.0
scp410.txt,breadth_first_basic,514.0,514.0,,1,0.484,0.484,0.484,,0.182,0.302,5.0,5,5,1,1,3.0,0.0,0.0
scp410.txt,breadth_first_intermediate,514.0,514.0,,1,33.0081,33.0081,33.0081,,0.196,32.8121,5.0,5,5,1,1,4.0,1.0,0.25
scp410.txt,breadth_first_none,514.0,514.0,,1,0.186,0.186,0.186,,0.186,0.0,5.0,5,5,1,1,0.0,0.0,0.0
scp410.txt,depth_first_advanced,inf,inf,,1,120.0,120.0,120.0,,120.0,0.0,0.0,0,0,0,1,0.0,0.0,0.0
scp410.txt,depth_first_basic,514.0,514.0,,1,0.5682,0.5682,0.5682,,0.2641,0.3041,7.0,7,7,1,1,3.0,0.0,0.0
scp410.txt,depth_first_intermediate,514.0,514.0,,1,42.0333,42.0333,42.0333,,0.246,41.7873,7.0,7,7,1,1,4.0,1.0,0.25
scp410.txt,depth_first_none,514.0,514.0,,1,0.278,0.278,0.278,,0.278,0.0,7.0,7,7,1,1,0.0,0.0,0.0
scp410.txt,hybrid_df_bf_advanced,inf,inf,,1,120.0,120.0,120.0,,120.0,0.0,0.0,0,0,0,1,0.0,0.0,0.0
scp410.txt,hybrid_df_bf_basic,514.0,514.0,,1,0.44,0.44,0.44,,0.174,0.266,5.0,5,5,1,1,3.0,0.0,0.0
scp410.txt,hybrid_df_bf_intermediate,514.0,514.0,,1,32.188,32.188,32.188,,0.186,32.002,5.0,5,5,1,1,4.0,1.0,0.25
scp410.txt,hybrid_df_bf_none,514.0,514.0,,1,0.181,0.181,0.181,,0.181,0.0,5.0,5,5,1,1,0.0,0.0,0.0
scp410.txt,most_fractional_advanced,inf,inf,,1,120.0,120.0,120.0,,120.0,0.0,0.0,0,0,0,1,0.0,0.0,0.0
scp410.txt,most_fractional_basic,514.0,514.0,,1,0.496,0.496,0.496,,0.178,0.318,5.0,5,5,1,1,3.0,0.0,0.0
scp410.txt,most_fractional_intermediate,514.0,514.0,,1,37.4322,37.4322,37.4322,,0.172,37.2602,5.0,5,5,1,1,4.0,1.0,0.25
scp410.txt,most_fractional_none,514.0,514.0,,1,0.209,0.209,0.209,,0.209,0.0,5.0,5,5,1,1,0.0,0.0,0.0
scp42.txt,best_first_advanced,inf,inf,,1,120.0,120.0,120.0,,120.0,0.0,0.0,0,0,0,1,0.0,0.0,0.0
scp42.txt,best_first_basic,512.0,512.0,,1,0.367,0.367,0.367,,0.037,0.33,1.0,1,1,1,1,3.0,0.0,0.0
scp42.txt,best_first_intermediate,512.0,512.0,,1,38.072,38.072,38.072,,0.037,38.035,1.0,1,1,1,1,4.0,1.0,0.25
scp42.txt,best_first_none,512.0,512.0,,1,0.036,0.036,0.036,,0.036,0.0,1.0,1,1,1,1,0.0,0.0,0.0
scp42.txt,breadth_first_advanced,inf,inf,,1,120.0,120.0,120.0,,120.0,0.0,0.0,0,0,0,1,0.0,0.0,0.0
scp42.txt,breadth_first_basic,512.0,512.0,,1,0.312,0.312,0.312,,0.035,0.277,1.0,1,1,1,1,3.0,0.0,0.0
scp42.txt,breadth_first_intermediate,512.0,512.0,,1,41.1387,41.1387,41.1387,,0.038,41.1007,1.0,1,1,1,1,4.0,1.0,0.25
scp42.txt,breadth_first_none,512.0,512.0,,1,0.035,0.035,0.035,,0.035,0.0,1.0,1,1,1,1,0.0,0.0,0.0
scp42.txt,depth_first_advanced,inf,inf,,1,120.0,120.0,120.0,,120.0,0.0,0.0,0,0,0,1,0.0,0.0,0.0
scp42.txt,depth_first_basic,512.0,512.0,,1,0.338,0.338,0.338,,0.035,0.303,1.0,1,1,1,1,3.0,0.0,0.0
scp42.txt,depth_first_intermediate,512.0,512.0,,1,40.0409,40.0409,40.0409,,0.035,40.0059,1.0,1,1,1,1,4.0,1.0,0.25
scp42.txt,depth_first_none,512.0,512.0,,1,0.035,0.035,0.035,,0.035,0.0,1.0,1,1,1,1,0.0,0.0,0.0
scp42.txt,hybrid_df_bf_advanced,inf,inf,,1,120.0,120.0,120.0,,120.0,0.0,0.0,0,0,0,1,0.0,0.0,0.0
scp42.txt,hybrid_df_bf_basic,512.0,512.0,,1,0.314,0.314,0.314,,0.035,0.279,1.0,1,1,1,1,3.0,0.0,0.0
scp42.txt,hybrid_df_bf_intermediate,512.0,512.0,,1,43.5327,43.5327,43.5327,,0.038,43.4947,1.0,1,1,1,1,4.0,1.0,0.25
scp42.txt,hybrid_df_bf_none,512.0,512.0,,1,0.034,0.034,0.034,,0.034,0.0,1.0,1,1,1,1,0.0,0.0,0.0
scp42.txt,most_fractional_advanced,inf,inf,,1,120.0,120.0,120.0,,120.0,0.0,0.0,0,0,0,1,0.0,0.0,0.0
scp42.txt,most_fractional_basic,512.0,512.0,,1,0.36,0.36,0.36,,0.035,0.325,1.0,1,1,1,1,3.0,0.0,0.0
scp42.txt,most_fractional_intermediate,512.0,512.0,,1,37.228,37.228,37.228,,0.037,37.191,1.0,1,1,1,1,4.0,1.0,0.25
scp42.txt,most_fractional_none,512.0,512.0,,1,0.036,0.036,0.036,,0.036,0.0,1.0,1,1,1,1,0.0,0.0,0.0
scp43.txt,best_first_advanced,inf,inf,,1,120.0,120.0,120.0,,120.0,0.0,0.0,0,0,0,1,0.0,0.0,0.0
scp43.txt,best_first_basic,516.0,516.0,,1,0.3251,0.3251,0.3251,,0.042,0.2831,1.0,1,1,1,1,3.0,0.0,0.0
scp43.txt,best_first_intermediate,516.0,516.0,,1,49.6158,49.6158,49.6158,,0.061,49.5548,1.0,1,1,1,1,4.0,1.0,0.25
scp43.txt,best_first_none,516.0,516.0,,1,0.0711,0.0711,0.0711,,0.0711,0.0,1.0,1,1,1,1,0.0,0.0,0.0
scp43.txt,breadth_first_advanced,inf,inf,,1,120.0,120.0,120.0,,120.0,0.0,0.0,0,0,0,1,0.0,0.0,0.0
scp43.txt,breadth_first_basic,516.0,516.0,,1,0.31,0.31,0.31,,0.035,0.275,1.0,1,1,1,1,3.0,0.0,0.0
scp43.txt,breadth_first_intermediate,516.0,516.0,,1,51.1749,51.1749,51.1749,,0.035,51.1399,1.0,1,1,1,1,4.0,1.0,0.25
scp43.txt,breadth_first_none,516.0,516.0,,1,0.035,0.035,0.035,,0.035,0.0,1.0,1,1,1,1,0.0,0.0,0.0
scp43.txt,depth_first_advanced,inf,inf,,1,120.0,120.0,120.0,,120.0,0.0,0.0,0,0,0,1,0.0,0.0,0.0
scp43.txt,depth_first_basic,516.0,516.0,,1,0.366,0.366,0.366,,0.035,0.331,1.0,1,1,1,1,3.0,0.0,0.0
scp43.txt,depth_first_intermediate,516.0,516.0,,1,54.9804,54.9804,54.9804,,0.035,54.9454,1.0,1,1,1,1,4.0,1.0,0.25
scp43.txt,depth_first_none,516.0,516.0,,1,0.035,0.035,0.035,,0.035,0.0,1.0,1,1,1,1,0.0,0.0,0.0
scp43.txt,hybrid_df_bf_advanced,inf,inf,,1,120.0,120.0,120.0,,120.0,0.0,0.0,0,0,0,1,0.0,0.0,0.0
scp43.txt,hybrid_df_bf_basic,516.0,516.0,,1,0.576,0.576,0.576,,0.075,0.501,1.0,1,1,1,1,3.0,0.0,0.0
scp43.txt,hybrid_df_bf_intermediate,516.0,516.0,,1,49.0829,49.0829,49.0829,,0.035,49.0479,1.0,1,1,1,1,4.0,1.0,0.25
scp43.txt,hybrid_df_bf_none,516.0,516.0,,1,0.06,0.06,0.06,,0.06,0.0,1.0,1,1,1,1,0.0,0.0,0.0
scp43.txt,most_fractional_advanced,inf,inf,,1,120.0,120.0,120.0,,120.0,0.0,0.0,0,0,0,1,0.0,0.0,0.0
scp43.txt,most_fractional_basic,516.0,516.0,,1,0.318,0.318,0.318,,0.037,0.281,1.0,1,1,1,1,3.0,0.0,0.0
scp43.txt,most_fractional_intermediate,516.0,516.0,,1,51.5408,51.5408,51.5408,,0.035,51.5058,1.0,1,1,1,1,4.0,1.0,0.25
scp43.txt,most_fractional_none,516.0,516.0,,1,0.035,0.035,0.035,,0.035,0.0,1.0,1,1,1,1,0.0,0.0,0.0
scp44.txt,best_first_advanced,inf,inf,,1,120.0,120.0,120.0,,120.0,0.0,0.0,0,0,0,1,0.0,0.0,0.0
scp44.txt,best_first_basic,548.0,548.0,,1,120.0061,120.0061,120.0061,,119.6751,0.331,3150.0,3150,3150,0,1,15.0,0.0,0.0
scp44.txt,best_first_intermediate,504.0,504.0,,1,120.0336,120.0336,120.0336,,74.9962,45.0374,1982.0,1982,1982,0,1,13.0,2.0,0.1538
scp44.txt,best_first_none,inf,inf,,1,120.0203,120.0203,120.0203,,120.0203,0.0,3156.0,3156,3156,0,1,0.0,0.0,0.0
scp44.txt,breadth_first_advanced,inf,inf,,1,120.0,120.0,120.0,,120.0,0.0,0.0,0,0,0,1,0.0,0.0,0.0
scp44.txt,breadth_first_basic,548.0,548.0,,1,120.0185,120.0185,120.0185,,119.7415,0.277,3082.0,3082,3082,0,1,15.0,0.0,0.0
scp44.txt,breadth_first_intermediate,504.0,504.0,,1,120.0201,120.0201,120.0201,,73.1984,46.8217,1985.0,1985,1985,0,1,13.0,2.0,0.1538
scp44.txt,breadth_first_none,inf,inf,,1,120.0207,120.0207,120.0207,,120.0207,0.0,3224.0,3224,3224,0,1,0.0,0.0,0.0
scp44.txt,depth_first_advanced,inf,inf,,1,120.0,120.0,120.0,,120.0,0.0,0.0,0,0,0,1,0.0,0.0,0.0
scp44.txt,depth_first_basic,548.0,548.0,,1,120.0026,120.0026,120.0026,,119.7286,0.274,3155.0,3155,3155,0,1,15.0,0.0,0.0
scp44.txt,depth_first_intermediate,504.0,504.0,,1,120.0304,120.0304,120.0304,,72.8278,47.2026,1918.0,1918,1918,0,1,13.0,2.0,0.1538
scp44.txt,depth_first_none,inf,inf,,1,120.0348,120.0348,120.0348,,120.0348,0.0,3212.0,3212,3212,0,1,0.0,0.0,0.0
scp44.txt,hybrid_df_bf_advanced,inf,inf,,1,120.0,120.0,120.0,,120.0,0.0,0.0,0,0,0,1,0.0,0.0,0.0
scp44.txt,hybrid_df_bf_basic,548.0,548.0,,1,120.0069,120.0069,120.0069,,119.7339,0.273,3127.0,3127,3127,0,1,15.0,0.0,0.0
scp44.txt,hybrid_df_bf_intermediate,504.0,504.0,,1,120.0214,120.0214,120.0214,,76.1812,43.8402,1961.0,1961,1961,0,1,13.0,2.0,0.1538
scp44.txt,hybrid_df_bf_none,inf,inf,,1,120.0207,120.0207,120.0207,,120.0207,0.0,3223.0,3223,3223,0,1,0.0,0.0,0.0
scp44.txt,most_fractional_advanced,inf,inf,,1,120.0,120.0,120.0,,120.0,0.0,0.0,0,0,0,1,0.0,0.0,0.0
scp44.txt,most_fractional_basic,548.0,548.0,,1,120.0009,120.0009,120.0009,,119.7159,0.285,3108.0,3108,3108,0,1,15.0,0.0,0.0
scp44.txt,most_fractional_intermediate,504.0,504.0,,1,120.037,120.037,120.037,,74.4454,45.5917,1996.0,1996,1996,0,1,13.0,2.0,0.1538
scp44.txt,most_fractional_none,inf,inf,,1,120.035,120.035,120.035,,120.035,0.0,3201.0,3201,3201,0,1,0.0,0.0,0.0
scp45.txt,best_first_advanced,inf,inf,,1,120.0,120.0,120.0,,120.0,0.0,0.0,0,0,0,1,0.0,0.0,0.0
scp45.txt,best_first_basic,512.0,512.0,,1,0.352,0.352,0.352,,0.036,0.316,1.0,1,1,1,1,3.0,0.0,0.0
scp45.txt,best_first_intermediate,512.0,512.0,,1,44.2128,44.2128,44.2128,,0.036,44.1768,1.0,1,1,1,1,4.0,1.0,0.25
scp45.txt,best_first_none,512.0,512.0,,1,0.036,0.036,0.036,,0.036,0.0,1.0,1,1,1,1,0.0,0.0,0.0
scp45.txt,breadth_first_advanced,inf,inf,,1,120.0,120.0,120.0,,120.0,0.0,0.0,0,0,0,1,0.0,0.0,0.0
scp45.txt,breadth_first_basic,512.0,512.0,,1,0.308,0.308,0.308,,0.036,0.272,1.0,1,1,1,1,3.0,0.0,0.0
scp45.txt,breadth_first_intermediate,512.0,512.0,,1,41.674,41.674,41.674,,0.035,41.639,1.0,1,1,1,1,4.0,1.0,0.25
scp45.txt,breadth_first_none,512.0,512.0,,1,0.035,0.035,0.035,,0.035,0.0,1.0,1,1,1,1,0.0,0.0,0.0
scp45.txt,depth_first_advanced,inf,inf,,1,120.0,120.0,120.0,,120.0,0.0,0.0,0,0,0,1,0.0,0.0,0.0
scp45.txt,depth_first_basic,512.0,512.0,,1,0.354,0.354,0.354,,0.05,0.304,1.0,1,1,1,1,3.0,0.0,0.0
scp45.txt,depth_first_intermediate,512.0,512.0,,1,42.7254,42.7254,42.7254,,0.035,42.6903,1.0,1,1,1,1,4.0,1.0,0.25
scp45.txt,depth_first_none,512.0,512.0,,1,0.034,0.034,0.034,,0.034,0.0,1.0,1,1,1,1,0.0,0.0,0.0
scp45.txt,hybrid_df_bf_advanced,inf,inf,,1,120.0,120.0,120.0,,120.0,0.0,0.0,0,0,0,1,0.0,0.0,0.0
scp45.txt,hybrid_df_bf_basic,512.0,512.0,,1,0.305,0.305,0.305,,0.037,0.268,1.0,1,1,1,1,3.0,0.0,0.0
scp45.txt,hybrid_df_bf_intermediate,512.0,512.0,,1,44.4696,44.4696,44.4696,,0.034,44.4356,1.0,1,1,1,1,4.0,1.0,0.25
scp45.txt,hybrid_df_bf_none,512.0,512.0,,1,0.034,0.034,0.034,,0.034,0.0,1.0,1,1,1,1,0.0,0.0,0.0
scp45.txt,most_fractional_advanced,inf,inf,,1,120.0,120.0,120.0,,120.0,0.0,0.0,0,0,0,1,0.0,0.0,0.0
scp45.txt,most_fractional_basic,512.0,512.0,,1,0.342,0.342,0.342,,0.042,0.3,1.0,1,1,1,1,3.0,0.0,0.0
scp45.txt,most_fractional_intermediate,512.0,512.0,,1,39.9703,39.9703,39.9703,,0.034,39.9363,1.0,1,1,1,1,4.0,1.0,0.25
scp45.txt,most_fractional_none,512.0,512.0,,1,0.034,0.034,0.034,,0.034,0.0,1.0,1,1,1,1,0.0,0.0,0.0
scp46.txt,best_first_advanced,inf,inf,,1,120.0,120.0,120.0,,120.0,0.0,0.0,0,0,0,1,0.0,0.0,0.0
scp46.txt,best_first_basic,615.0,615.0,,1,120.0303,120.0303,120.0303,,119.7183,0.312,3366.0,3366,3366,0,1,16.0,0.0,0.0
scp46.txt,best_first_intermediate,583.0,583.0,,1,120.0203,120.0203,120.0203,,87.9886,32.0317,2397.0,2397,2397,0,1,15.0,2.0,0.1333
scp46.txt,best_first_none,inf,inf,,1,120.015,120.015,120.015,,120.015,0.0,3395.0,3395,3395,0,1,0.0,0.0,0.0
scp46.txt,breadth_first_advanced,inf,inf,,1,120.0,120.0,120.0,,120.0,0.0,0.0,0,0,0,1,0.0,0.0,0.0
scp46.txt,breadth_first_basic,615.0,615.0,,1,120.0128,120.0128,120.0128,,119.6868,0.326,3215.0,3215,3215,0,1,15.0,0.0,0.0
scp46.txt,breadth_first_intermediate,583.0,583.0,,1,120.0045,120.0045,120.0045,,90.1164,29.8881,2505.0,2505,2505,0,1,16.0,2.0,0.125
scp46.txt,breadth_first_none,inf,inf,,1,120.0142,120.0142,120.0142,,120.0142,0.0,3367.0,3367,3367,0,1,0.0,0.0,0.0
scp46.txt,depth_first_advanced,inf,inf,,1,120.0,120.0,120.0,,120.0,0.0,0.0,0,0,0,1,0.0,0.0,0.0
scp46.txt,depth_first_basic,615.0,615.0,,1,120.0152,120.0152,120.0152,,119.7472,0.268,3239.0,3239,3239,0,1,16.0,0.0,0.0
scp46.txt,depth_first_intermediate,583.0,583.0,,1,120.0717,120.0717,120.0717,,88.8121,31.2596,2481.0,2481,2481,0,1,16.0,2.0,0.125
scp46.txt,depth_first_none,inf,inf,,1,120.0058,120.0058,120.0058,,120.0058,0.0,3345.0,3345,3345,0,1,0.0,0.0,0.0
scp46.txt,hybrid_df_bf_advanced,inf,inf,,1,120.0,120.0,120.0,,120.0,0.0,0.0,0,0,0,1,0.0,0.0,0.0
scp46.txt,hybrid_df_bf_basic,615.0,615.0,,1,120.0045,120.0045,120.0045,,119.7255,0.279,3216.0,3216,3216,0,1,15.0,0.0,0.0
scp46.txt,hybrid_df_bf_intermediate,583.0,583.0,,1,120.0059,120.0059,120.0059,,88.3861,31.6198,2333.0,2333,2333,0,1,15.0,2.0,0.1333
scp46.txt,hybrid_df_bf_none,inf,inf,,1,120.0312,120.0312,120.0312,,120.0312,0.0,3304.0,3304,3304,0,1,0.0,0.0,0.0
scp46.txt,most_fractional_advanced,inf,inf,,1,120.0,120.0,120.0,,120.0,0.0,0.0,0,0,0,1,0.0,0.0,0.0
scp46.txt,most_fractional_basic,615.0,615.0,,1,120.0141,120.0141,120.0141,,119.7501,0.264,3251.0,3251,3251,0,1,16.0,0.0,0.0
scp46.txt,most_fractional_intermediate,583.0,583.0,,1,120.0036,120.0036,120.0036,,87.8742,32.1294,2438.0,2438,2438,0,1,16.0,2.0,0.125
scp46.txt,most_fractional_none,inf,inf,,1,120.02,120.02,120.02,,120.02,0.0,3322.0,3322,3322,0,1,0.0,0.0,0.0
scp47.txt,best_first_advanced,inf,inf,,1,120.0,120.0,120.0,,120.0,0.0,0.0,0,0,0,1,0.0,0.0,0.0
scp47.txt,best_first_basic,430.0,430.0,,1,0.276,0.276,0.276,,0.035,0.241,1.0,1,1,1,1,3.0,0.0,0.0
scp47.txt,best_first_intermediate,430.0,430.0,,1,28.718,28.718,28.718,,0.035,28.683,1.0,1,1,1,1,4.0,1.0,0.25
scp47.txt,best_first_none,430.0,430.0,,1,0.035,0.035,0.035,,0.035,0.0,1.0,1,1,1,1,0.0,0.0,0.0
scp47.txt,breadth_first_advanced,inf,inf,,1,120.0,120.0,120.0,,120.0,0.0,0.0,0,0,0,1,0.0,0.0,0.0
scp47.txt,breadth_first_basic,430.0,430.0,,1,0.3036,0.3036,0.3036,,0.035,0.2686,1.0,1,1,1,1,3.0,0.0,0.0
scp47.txt,breadth_first_intermediate,430.0,430.0,,1,26.9251,26.9251,26.9251,,0.034,26.8911,1.0,1,1,1,1,4.0,1.0,0.25
scp47.txt,breadth_first_none,430.0,430.0,,1,0.039,0.039,0.039,,0.039,0.0,1.0,1,1,1,1,0.0,0.0,0.0
scp47.txt,depth_first_advanced,inf,inf,,1,120.0,120.0,120.0,,120.0,0.0,0.0,0,0,0,1,0.0,0.0,0.0
scp47.txt,depth_first_basic,430.0,430.0,,1,0.317,0.317,0.317,,0.035,0.282,1.0,1,1,1,1,3.0,0.0,0.0
scp47.txt,depth_first_intermediate,430.0,430.0,,1,27.4487,27.4487,27.4487,,0.036,27.4127,1.0,1,1,1,1,4.0,1.0,0.25
scp47.txt,depth_first_none,430.0,430.0,,1,0.038,0.038,0.038,,0.038,0.0,1.0,1,1,1,1,0.0,0.0,0.0
scp47.txt,hybrid_df_bf_advanced,inf,inf,,1,120.0,120.0,120.0,,120.0,0.0,0.0,0,0,0,1,0.0,0.0,0.0
scp47.txt,hybrid_df_bf_basic,430.0,430.0,,1,0.299,0.299,0.299,,0.034,0.265,1.0,1,1,1,1,3.0,0.0,0.0
scp47.txt,hybrid_df_bf_intermediate,430.0,430.0,,1,26.0695,26.0695,26.0695,,0.036,26.0335,1.0,1,1,1,1,4.0,1.0,0.25
scp47.txt,hybrid_df_bf_none,430.0,430.0,,1,0.035,0.035,0.035,,0.035,0.0,1.0,1,1,1,1,0.0,0.0,0.0
scp47.txt,most_fractional_advanced,inf,inf,,1,120.0,120.0,120.0,,120.0,0.0,0.0,0,0,0,1,0.0,0.0,0.0
scp47.txt,most_fractional_basic,430.0,430.0,,1,0.322,0.322,0.322,,0.034,0.288,1.0,1,1,1,1,3.0,0.0,0.0
scp47.txt,most_fractional_intermediate,430.0,430.0,,1,27.0398,27.0398,27.0398,,0.038,27.0018,1.0,1,1,1,1,4.0,1.0,0.25
scp47.txt,most_fractional_none,430.0,430.0,,1,0.036,0.036,0.036,,0.036,0.0,1.0,1,1,1,1,0.0,0.0,0.0
scp48.txt,best_first_advanced,inf,inf,,1,120.0,120.0,120.0,,120.0,0.0,0.0,0,0,0,1,0.0,0.0,0.0
scp48.txt,best_first_basic,533.0,533.0,,1,120.0324,120.0324,120.0324,,119.4944,0.538,2731.0,2731,2731,0,1,14.0,0.0,0.0
scp48.txt,best_first_intermediate,508.0,508.0,,1,120.0248,120.0248,120.0248,,91.622,28.4028,2070.0,2070,2070,0,1,14.0,2.0,0.1429
scp48.txt,best_first_none,inf,inf,,1,120.046,120.046,120.046,,120.046,0.0,2517.0,2517,2517,0,1,0.0,0.0,0.0
scp48.txt,breadth_first_advanced,inf,inf,,1,120.0,120.0,120.0,,120.0,0.0,0.0,0,0,0,1,0.0,0.0,0.0
scp48.txt,breadth_first_basic,533.0,533.0,,1,120.0248,120.0248,120.0248,,119.7308,0.294,2796.0,2796,2796,0,1,15.0,0.0,0.0
scp48.txt,breadth_first_intermediate,508.0,508.0,,1,120.0244,120.0244,120.0244,,90.4614,29.5629,2108.0,2108,2108,0,1,14.0,2.0,0.1429
scp48.txt,breadth_first_none,inf,inf,,1,120.035,120.035,120.035,,120.035,0.0,2690.0,2690,2690,0,1,0.0,0.0,0.0
scp48.txt,depth_first_advanced,inf,inf,,1,120.0,120.0,120.0,,120.0,0.0,0.0,0,0,0,1,0.0,0.0,0.0
scp48.txt,depth_first_basic,533.0,533.0,,1,120.0175,120.0175,120.0175,,119.7735,0.244,2729.0,2729,2729,0,1,14.0,0.0,0.0
scp48.txt,depth_first_intermediate,508.0,508.0,,1,120.0062,120.0062,120.0062,,94.5114,25.4947,2265.0,2265,2265,0,1,15.0,2.0,0.1333
scp48.txt,depth_first_none,inf,inf,,1,120.009,120.009,120.009,,120.009,0.0,3275.0,3275,3275,0,1,0.0,0.0,0.0
scp48.txt,hybrid_df_bf_advanced,inf,inf,,1,120.0,120.0,120.0,,120.0,0.0,0.0,0,0,0,1,0.0,0.0,0.0
scp48.txt,hybrid_df_bf_basic,533.0,533.0,,1,120.0268,120.0268,120.0268,,119.7828,0.244,2479.0,2479,2479,0,1,13.0,0.0,0.0
scp48.txt,hybrid_df_bf_intermediate,508.0,508.0,,1,120.031,120.031,120.031,,94.5103,25.5208,2440.0,2440,2440,0,1,16.0,2.0,0.125
scp48.txt,hybrid_df_bf_none,inf,inf,,1,120.007,120.007,120.007,,120.007,0.0,2494.0,2494,2494,0,1,0.0,0.0,0.0
scp48.txt,most_fractional_advanced,inf,inf,,1,120.0,120.0,120.0,,120.0,0.0,0.0,0,0,0,1,0.0,0.0,0.0
scp48.txt,most_fractional_basic,533.0,533.0,,1,120.0356,120.0356,120.0356,,119.7946,0.241,2972.0,2972,2972,0,1,15.0,0.0,0.0
scp48.txt,most_fractional_intermediate,508.0,508.0,,1,120.0303,120.0303,120.0303,,95.5952,24.4351,2421.0,2421,2421,0,1,16.0,2.0,0.125
scp48.txt,most_fractional_none,inf,inf,,1,120.0092,120.0092,120.0092,,120.0092,0.0,2971.0,2971,2971,0,1,0.0,0.0,0.0
scp49.txt,best_first_advanced,inf,inf,,1,120.0,120.0,120.0,,120.0,0.0,0.0,0,0,0,1,0.0,0.0,0.0
scp49.txt,best_first_basic,747.0,747.0,,1,120.0022,120.0022,120.0022,,119.5352,0.467,3101.0,3101,3101,0,1,15.0,0.0,0.0
scp49.txt,best_first_intermediate,664.0,664.0,,1,120.0021,120.0021,120.0021,,66.3855,53.6165,1671.0,1671,1671,0,1,12.0,2.0,0.1667
scp49.txt,best_first_none,inf,inf,,1,120.0275,120.0275,120.0275,,120.0275,0.0,2993.0,2993,2993,0,1,0.0,0.0,0.0
scp49.txt,breadth_first_advanced,inf,inf,,1,120.0,120.0,120.0,,120.0,0.0,0.0,0,0,0,1,0.0,0.0,0.0
scp49.txt,breadth_first_basic,747.0,747.0,,1,120.0217,120.0217,120.0217,,119.7407,0.281,2991.0,2991,2991,0,1,15.0,0.0,0.0
scp49.txt,breadth_first_intermediate,664.0,664.0,,1,120.0023,120.0023,120.0023,,68.4185,51.5838,1687.0,1687,1687,0,1,12.0,2.0,0.1667
scp49.txt,breadth_first_none,inf,inf,,1,120.0258,120.0258,120.0258,,120.0258,0.0,2988.0,2988,2988,0,1,0.0,0.0,0.0
scp49.txt,depth_first_advanced,inf,inf,,1,120.0,120.0,120.0,,120.0,0.0,0.0,0,0,0,1,0.0,0.0,0.0
scp49.txt,depth_first_basic,747.0,747.0,,1,120.0022,120.0022,120.0022,,119.6992,0.303,2977.0,2977,2977,0,1,15.0,0.0,0.0
scp49.txt,depth_first_intermediate,664.0,664.0,,1,120.0382,120.0382,120.0382,,64.2315,55.8067,1618.0,1618,1618,0,1,12.0,2.0,0.1667
scp49.txt,depth_first_none,inf,inf,,1,120.0038,120.0038,120.0038,,120.0038,0.0,3071.0,3071,3071,0,1,0.0,0.0,0.0
scp49.txt,hybrid_df_bf_advanced,inf,inf,,1,120.0,120.0,120.0,,120.0,0.0,0.0,0,0,0,1,0.0,0.0,0.0
scp49.txt,hybrid_df_bf_basic,747.0,747.0,,1,120.027,120.027,120.027,,119.5473,0.4797,3021.0,3021,3021,0,1,15.0,0.0,0.0
scp49.txt,hybrid_df_bf_intermediate,664.0,664.0,,1,120.0396,120.0396,120.0396,,66.1993,53.8403,1484.0,1484,1484,0,1,11.0,2.0,0.1818
scp49.txt,hybrid_df_bf_none,inf,inf,,1,120.0605,120.0605,120.0605,,120.0605,0.0,2971.0,2971,2971,0,1,0.0,0.0,0.0
scp49.txt,most_fractional_advanced,inf,inf,,1,120.0,120.0,120.0,,120.0,0.0,0.0,0,0,0,1,0.0,0.0,0.0
scp49.txt,most_fractional_basic,747.0,747.0,,1,120.0384,120.0384,120.0384,,119.7534,0.285,2936.0,2936,2936,0,1,15.0,0.0,0.0
scp49.txt,most_fractional_intermediate,664.0,664.0,,1,120.0123,120.0123,120.0123,,68.6693,51.343,1707.0,1707,1707,0,1,12.0,2.0,0.1667
scp49.txt,most_fractional_none,inf,inf,,1,120.0008,120.0008,120.0008,,120.0008,0.0,3014.0,3014,3014,0,1,0.0,0.0,0.0
scp51.txt,best_first_advanced,inf,inf,,1,120.0,120.0,120.0,,120.0,0.0,0.0,0,0,0,1,0.0,0.0,0.0
scp51.txt,best_first_basic,289.0,289.0,,1,120.0378,120.0378,120.0378,,119.5238,0.514,1744.0,1744,1744,0,1,10.0,0.0,0.0
scp51.txt,best_first_intermediate,269.0,269.0,,1,120.0054,120.0054,120.0054,,24.6032,95.4022,293.0,293,293,0,1,5.0,2.0,0.4
scp51.txt,best_first_none,inf,inf,,1,120.0171,120.0171,120.0171,,120.0171,0.0,1788.0,1788,1788,0,1,0.0,0.0,0.0
scp51.txt,breadth_first_advanced,inf,inf,,1,120.0,120.0,120.0,,120.0,0.0,0.0,0,0,0,1,0.0,0.0,0.0
scp51.txt,breadth_first_basic,289.0,289.0,,1,120.0179,120.0179,120.0179,,119.5199,0.498,1750.0,1750,1750,0,1,10.0,0.0,0.0
scp51.txt,breadth_first_intermediate,269.0,269.0,,1,120.0397,120.0397,120.0397,,24.8008,95.2389,329.0,329,329,0,1,6.0,2.0,0.3333
scp51.txt,breadth_first_none,inf,inf,,1,120.0401,120.0401,120.0401,,120.0401,0.0,1733.0,1733,1733,0,1,0.0,0.0,0.0
scp51.txt,depth_first_advanced,inf,inf,,1,120.0,120.0,120.0,,120.0,0.0,0.0,0,0,0,1,0.0,0.0,0.0
scp51.txt,depth_first_basic,289.0,289.0,,1,120.0588,120.0588,120.0588,,119.5598,0.499,1750.0,1750,1750,0,1,10.0,0.0,0.0
scp51.txt,depth_first_intermediate,269.0,269.0,,1,120.0139,120.0139,120.0139,,22.1654,97.8484,284.0,284,284,0,1,5.0,2.0,0.4
scp51.txt,depth_first_none,inf,inf,,1,120.0144,120.0144,120.0144,,120.0144,0.0,1777.0,1777,1777,0,1,0.0,0.0,0.0
scp51.txt,hybrid_df_bf_advanced,inf,inf,,1,120.0,120.0,120.0,,120.0,0.0,0.0,0,0,0,1,0.0,0.0,0.0
scp51.txt,hybrid_df_bf_basic,289.0,289.0,,1,120.047,120.047,120.047,,119.536,0.511,1794.0,1794,1794,0,1,10.0,0.0,0.0
scp51.txt,hybrid_df_bf_intermediate,269.0,269.0,,1,120.0144,120.0144,120.0144,,22.2766,97.7378,316.0,316,316,0,1,6.0,2.0,0.3333
scp51.txt,hybrid_df_bf_none,inf,inf,,1,120.0417,120.0417,120.0417,,120.0417,0.0,1771.0,1771,1771,0,1,0.0,0.0,0.0
scp51.txt,most_fractional_advanced,inf,inf,,1,120.0,120.0,120.0,,120.0,0.0,0.0,0,0,0,1,0.0,0.0,0.0
scp51.txt,most_fractional_basic,289.0,289.0,,1,120.0041,120.0041,120.0041,,119.5131,0.491,1739.0,1739,1739,0,1,10.0,0.0,0.0
scp51.txt,most_fractional_intermediate,269.0,269.0,,1,120.0473,120.0473,120.0473,,23.7957,96.2516,307.0,307,307,0,1,6.0,2.0,0.3333
scp51.txt,most_fractional_none,inf,inf,,1,120.0021,120.0021,120.0021,,120.0021,0.0,1757.0,1757,1757,0,1,0.0,0.0,0.0
scp510.txt,best_first_advanced,inf,inf,,1,120.0,120.0,120.0,,120.0,0.0,0.0,0,0,0,1,0.0,0.0,0.0
scp510.txt,best_first_basic,265.0,265.0,,1,0.582,0.582,0.582,,0.067,0.515,1.0,1,1,1,1,3.0,0.0,0.0
scp510.txt,best_first_intermediate,265.0,265.0,,1,84.8294,84.8294,84.8294,,0.061,84.7684,1.0,1,1,1,1,4.0,1.0,0.25
scp510.txt,best_first_none,265.0,265.0,,1,0.061,0.061,0.061,,0.061,0.0,1.0,1,1,1,1,0.0,0.0,0.0
scp510.txt,breadth_first_advanced,inf,inf,,1,120.0,120.0,120.0,,120.0,0.0,0.0,0,0,0,1,0.0,0.0,0.0
scp510.txt,breadth_first_basic,265.0,265.0,,1,0.611,0.611,0.611,,0.062,0.549,1.0,1,1,1,1,3.0,0.0,0.0
scp510.txt,breadth_first_intermediate,265.0,265.0,,1,87.5248,87.5248,87.5248,,0.066,87.4588,1.0,1,1,1,1,4.0,1.0,0.25
scp510.txt,breadth_first_none,265.0,265.0,,1,0.069,0.069,0.069,,0.069,0.0,1.0,1,1,1,1,0.0,0.0,0.0
scp510.txt,depth_first_advanced,inf,inf,,1,120.0,120.0,120.0,,120.0,0.0,0.0,0,0,0,1,0.0,0.0,0.0
scp510.txt,depth_first_basic,265.0,265.0,,1,0.604,0.604,0.604,,0.064,0.54,1.0,1,1,1,1,3.0,0.0,0.0
scp510.txt,depth_first_intermediate,265.0,265.0,,1,84.3092,84.3092,84.3092,,0.074,84.2352,1.0,1,1,1,1,4.0,1.0,0.25
scp510.txt,depth_first_none,265.0,265.0,,1,0.062,0.062,0.062,,0.062,0.0,1.0,1,1,1,1,0.0,0.0,0.0
scp510.txt,hybrid_df_bf_advanced,inf,inf,,1,120.0,120.0,120.0,,120.0,0.0,0.0,0,0,0,1,0.0,0.0,0.0
scp510.txt,hybrid_df_bf_basic,265.0,265.0,,1,0.607,0.607,0.607,,0.061,0.546,1.0,1,1,1,1,3.0,0.0,0.0
scp510.txt,hybrid_df_bf_intermediate,265.0,265.0,,1,85.557,85.557,85.557,,0.063,85.494,1.0,1,1,1,1,4.0,1.0,0.25
scp510.txt,hybrid_df_bf_none,265.0,265.0,,1,0.061,0.061,0.061,,0.061,0.0,1.0,1,1,1,1,0.0,0.0,0.0
scp510.txt,most_fractional_advanced,inf,inf,,1,120.0,120.0,120.0,,120.0,0.0,0.0,0,0,0,1,0.0,0.0,0.0
scp510.txt,most_fractional_basic,265.0,265.0,,1,0.584,0.584,0.584,,0.072,0.512,1.0,1,1,1,1,3.0,0.0,0.0
scp510.txt,most_fractional_intermediate,265.0,265.0,,1,90.5242,90.5242,90.5242,,0.065,90.4592,1.0,1,1,1,1,4.0,1.0,0.25
scp510.txt,most_fractional_none,265.0,265.0,,1,0.073,0.073,0.073,,0.073,0.0,1.0,1,1,1,1,0.0,0.0,0.0
scp52.txt,best_first_advanced,inf,inf,,1,120.0,120.0,120.0,,120.0,0.0,0.0,0,0,0,1,0.0,0.0,0.0
scp52.txt,best_first_basic,348.0,348.0,,1,120.052,120.052,120.052,,118.96,1.092,1459.0,1459,1459,0,1,9.0,0.0,0.0
scp52.txt,best_first_intermediate,326.0,326.0,,1,120.023,120.023,120.023,,32.165,87.858,376.0,376,376,0,1,6.0,2.0,0.3333
scp52.txt,best_first_none,inf,inf,,1,120.038,120.038,120.038,,120.038,0.0,1581.0,1581,1581,0,1,0.0,0.0,0.0
scp52.txt,breadth_first_advanced,inf,inf,,1,120.0,120.0,120.0,,120.0,0.0,0.0,0,0,0,1,0.0,0.0,0.0
scp52.txt,breadth_first_basic,348.0,348.0,,1,120.0304,120.0304,120.0304,,118.8194,1.211,1468.0,1468,1468,0,1,9.0,0.0,0.0
scp52.txt,breadth_first_intermediate,326.0,326.0,,1,120.045,120.045,120.045,,25.438,94.607,314.0,314,314,0,1,6.0,2.0,0.3333
scp52.txt,breadth_first_none,inf,inf,,1,120.023,120.023,120.023,,120.023,0.0,1805.0,1805,1805,0,1,0.0,0.0,0.0
scp52.txt,depth_first_advanced,inf,inf,,1,120.0,120.0,120.0,,120.0,0.0,0.0,0,0,0,1,0.0,0.0,0.0
scp52.txt,depth_first_basic,348.0,348.0,,1,120.062,120.062,120.062,,119.527,0.535,1826.0,1826,1826,0,1,10.0,0.0,0.0
scp52.txt,depth_first_intermediate,326.0,326.0,,1,120.118,120.118,120.118,,38.107,82.011,500.0,500,500,0,1,7.0,2.0,0.2857
scp52.txt,depth_first_none,inf,inf,,1,120.007,120.007,120.007,,120.007,0.0,1743.0,1743,1743,0,1,0.0,0.0,0.0
scp52.txt,hybrid_df_bf_advanced,inf,inf,,1,120.0,120.0,120.0,,120.0,0.0,0.0,0,0,0,1,0.0,0.0,0.0
scp52.txt,hybrid_df_bf_basic,348.0,348.0,,1,120.007,120.007,120.007,,119.274,0.733,1427.0,1427,1427,0,1,9.0,0.0,0.0
scp52.txt,hybrid_df_bf_intermediate,326.0,326.0,,1,120.025,120.025,120.025,,23.565,96.46,253.0,253,253,0,1,5.0,2.0,0.4
scp52.txt,hybrid_df_bf_none,inf,inf,,1,120.019,120.019,120.019,,120.019,0.0,1573.0,1573,1573,0,1,0.0,0.0,0.0
scp52.txt,most_fractional_advanced,inf,inf,,1,120.0,120.0,120.0,,120.0,0.0,0.0,0,0,0,1,0.0,0.0,0.0
scp52.txt,most_fractional_basic,348.0,348.0,,1,120.048,120.048,120.048,,119.486,0.562,1534.0,1534,1534,0,1,9.0,0.0,0.0
scp52.txt,most_fractional_intermediate,326.0,326.0,,1,120.015,120.015,120.015,,25.704,94.311,289.0,289,289,0,1,5.0,2.0,0.4
scp52.txt,most_fractional_none,inf,inf,,1,120.066,120.066,120.066,,120.066,0.0,1557.0,1557,1557,0,1,0.0,0.0,0.0
scp53.txt,best_first_advanced,inf,inf,,1,120.0,120.0,120.0,,120.0,0.0,0.0,0,0,0,1,0.0,0.0,0.0
scp53.txt,best_first_basic,226.0,226.0,,1,0.567,0.567,0.567,,0.06,0.507,1.0,1,1,1,1,3.0,0.0,0.0
scp53.txt,best_first_intermediate,226.0,226.0,,1,62.866,62.866,62.866,,0.066,62.8,1.0,1,1,1,1,4.0,1.0,0.25
scp53.txt,best_first_none,226.0,226.0,,1,0.061,0.061,0.061,,0.061,0.0,1.0,1,1,1,1,0.0,0.0,0.0
scp53.txt,breadth_first_advanced,inf,inf,,1,120.0,120.0,120.0,,120.0,0.0,0.0,0,0,0,1,0.0,0.0,0.0
scp53.txt,breadth_first_basic,226.0,226.0,,1,0.553,0.553,0.553,,0.062,0.491,1.0,1,1,1,1,3.0,0.0,0.0
scp53.txt,breadth_first_intermediate,226.0,226.0,,1,65.653,65.653,65.653,,0.061,65.592,1.0,1,1,1,1,4.0,1.0,0.25
scp53.txt,breadth_first_none,226.0,226.0,,1,0.069,0.069,0.069,,0.069,0.0,1.0,1,1,1,1,0.0,0.0,0.0
scp53.txt,depth_first_advanced,inf,inf,,1,120.0,120.0,120.0,,120.0,0.0,0.0,0,0,0,1,0.0,0.0,0.0
scp53.txt,depth_first_basic,226.0,226.0,,1,0.596,0.596,0.596,,0.064,0.532,1.0,1,1,1,1,3.0,0.0,0.0
scp53.txt,depth_first_intermediate,226.0,226.0,,1,72.188,72.188,72.188,,0.065,72.123,1.0,1,1,1,1,4.0,1.0,0.25
scp53.txt,depth_first_none,226.0,226.0,,1,0.063,0.063,0.063,,0.063,0.0,1.0,1,1,1,1,0.0,0.0,0.0
scp53.txt,hybrid_df_bf_advanced,inf,inf,,1,120.0,120.0,120.0,,120.0,0.0,0.0,0,0,0,1,0.0,0.0,0.0
scp53.txt,hybrid_df_bf_basic,226.0,226.0,,1,0.539,0.539,0.539,,0.06,0.479,1.0,1,1,1,1,3.0,0.0,0.0
scp53.txt,hybrid_df_bf_intermediate,226.0,226.0,,1,59.29,59.29,59.29,,0.062,59.228,1.0,1,1,1,1,4.0,1.0,0.25
scp53.txt,hybrid_df_bf_none,226.0,226.0,,1,0.061,0.061,0.061,,0.061,0.0,1.0,1,1,1,1,0.0,0.0,0.0
scp53.txt,most_fractional_advanced,inf,inf,,1,120.0,120.0,120.0,,120.0,0.0,0.0,0,0,0,1,0.0,0.0,0.0
scp53.txt,most_fractional_basic,226.0,226.0,,1,0.561,0.561,0.561,,0.062,0.499,1.0,1,1,1,1,3.0,0.0,0.0
scp53.txt,most_fractional_intermediate,226.0,226.0,,1,60.211,60.211,60.211,,0.061,60.15,1.0,1,1,1,1,4.0,1.0,0.25
scp53.txt,most_fractional_none,226.0,226.0,,1,0.061,0.061,0.061,,0.061,0.0,1.0,1,1,1,1,0.0,0.0,0.0
scp57.txt,best_first_advanced,inf,inf,,1,120.0,120.0,120.0,,120.0,0.0,0.0,0,0,0,1,0.0,0.0,0.0
scp57.txt,best_first_basic,326.0,326.0,,1,120.035,120.035,120.035,,119.517,0.518,1809.0,1809,1809,0,1,11.0,0.0,0.0
scp57.txt,best_first_intermediate,316.0,316.0,,1,120.026,120.026,120.026,,0.455,119.571,7.0,7,7,0,1,4.0,1.0,0.25
scp57.txt,best_first_none,inf,inf,,1,120.038,120.038,120.038,,120.038,0.0,1832.0,1832,1832,0,1,0.0,0.0,0.0
scp57.txt,breadth_first_advanced,inf,inf,,1,120.0,120.0,120.0,,120.0,0.0,0.0,0,0,0,1,0.0,0.0,0.0
scp57.txt,breadth_first_basic,326.0,326.0,,1,120.019,120.019,120.019,,119.484,0.535,1817.0,1817,1817,0,1,10.0,0.0,0.0
scp57.txt,breadth_first_intermediate,316.0,316.0,,1,120.044,120.044,120.044,,1.777,118.267,29.0,29,29,0,1,4.0,1.0,0.25
scp57.txt,breadth_first_none,inf,inf,,1,120.04,120.04,120.04,,120.04,0.0,1798.0,1798,1798,0,1,0.0,0.0,0.0
scp57.txt,depth_first_advanced,inf,inf,,1,120.0,120.0,120.0,,120.0,0.0,0.0,0,0,0,1,0.0,0.0,0.0
scp57.txt,depth_first_basic,326.0,326.0,,1,120.051,120.051,120.051,,119.483,0.568,1781.0,1781,1781,0,1,10.0,0.0,0.0
scp57.txt,depth_first_intermediate,316.0,316.0,,1,120.0,120.0,120.0,,2.678,117.322,43.0,43,43,0,1,4.0,1.0,0.25
scp57.txt,depth_first_none,inf,inf,,1,120.0,120.0,120.0,,120.0,0.0,1840.0,1840,1840,0,1,0.0,0.0,0.0
scp57.txt,hybrid_df_bf_advanced,inf,inf,,1,120.0,120.0,120.0,,120.0,0.0,0.0,0,0,0,1,0.0,0.0,0.0
scp57.txt,hybrid_df_bf_basic,326.0,326.0,,1,120.009,120.009,120.009,,119.484,0.525,1809.0,1809,1809,0,1,11.0,0.0,0.0
scp57.txt,hybrid_df_bf_intermediate,316.0,316.0,,1,120.006,120.006,120.006,,3.666,116.34,56.0,56,56,0,1,4.0,1.0,0.25
scp57.txt,hybrid_df_bf_none,inf,inf,,1,120.041,120.041,120.041,,120.041,0.0,1827.0,1827,1827,0,1,0.0,0.0,0.0
scp57.txt,most_fractional_advanced,inf,inf,,1,120.0,120.0,120.0,,120.0,0.0,0.0,0,0,0,1,0.0,0.0,0.0
scp57.txt,most_fractional_basic,326.0,326.0,,1,120.016,120.016,120.016,,119.511,0.505,1821.0,1821,1821,0,1,10.0,0.0,0.0
scp57.txt,most_fractional_intermediate,316.0,316.0,,1,122.588,122.588,122.588,,0.001,122.587,0.0,0,0,0,1,4.0,1.0,0.25
scp57.txt,most_fractional_none,inf,inf,,1,120.02,120.02,120.02,,120.02,0.0,1813.0,1813,1813,0,1,0.0,0.0,0.0
scp58.txt,best_first_advanced,inf,inf,,1,120.0,120.0,120.0,,120.0,0.0,0.0,0,0,0,1,0.0,0.0,0.0
scp58.txt,best_first_basic,288.0,288.0,,1,3.661,3.661,3.661,,3.139,0.522,45.0,45,45,1,1,3.0,0.0,0.0
scp58.txt,best_first_intermediate,288.0,288.0,,1,55.8318,55.8318,55.8318,,3.127,52.7048,45.0,45,45,1,1,4.0,1.0,0.25
scp58.txt,best_first_none,288.0,288.0,,1,3.178,3.178,3.178,,3.178,0.0,45.0,45,45,1,1,0.0,0.0,0.0
scp58.txt,breadth_first_advanced,inf,inf,,1,120.0,120.0,120.0,,120.0,0.0,0.0,0,0,0,1,0.0,0.0,0.0
scp58.txt,breadth_first_basic,288.0,288.0,,1,6.839,6.839,6.839,,6.327,0.512,89.0,89,89,1,1,3.0,0.0,0.0
scp58.txt,breadth_first_intermediate,288.0,288.0,,1,51.802,51.802,51.802,,6.241,45.561,89.0,89,89,1,1,4.0,1.0,0.25
scp58.txt,breadth_first_none,288.0,288.0,,1,9.5713,9.5713,9.5713,,9.5713,0.0,89.0,89,89,1,1,0.0,0.0,0.0
scp58.txt,depth_first_advanced,inf,inf,,1,120.0,120.0,120.0,,120.0,0.0,0.0,0,0,0,1,0.0,0.0,0.0
scp58.txt,depth_first_basic,288.0,288.0,,1,10.6496,10.6496,10.6496,,10.0845,0.5651,139.0,139,139,1,1,3.0,0.0,0.0
scp58.txt,depth_first_intermediate,288.0,288.0,,1,63.3685,63.3685,63.3685,,13.3582,50.0103,139.0,139,139,1,1,5.0,1.0,0.2
scp58.txt,depth_first_none,288.0,288.0,,1,9.9329,9.9329,9.9329,,9.9329,0.0,139.0,139,139,1,1,0.0,0.0,0.0
scp58.txt,hybrid_df_bf_advanced,inf,inf,,1,120.0,120.0,120.0,,120.0,0.0,0.0,0,0,0,1,0.0,0.0,0.0
scp58.txt,hybrid_df_bf_basic,288.0,288.0,,1,8.171,8.171,8.171,,7.648,0.523,103.0,103,103,1,1,3.0,0.0,0.0
scp58.txt,hybrid_df_bf_intermediate,288.0,288.0,,1,58.1673,58.1673,58.1673,,7.547,50.6203,103.0,103,103,1,1,4.0,1.0,0.25
scp58.txt,hybrid_df_bf_none,288.0,288.0,,1,7.539,7.539,7.539,,7.539,0.0,103.0,103,103,1,1,0.0,0.0,0.0
scp58.txt,most_fractional_advanced,inf,inf,,1,120.0,120.0,120.0,,120.0,0.0,0.0,0,0,0,1,0.0,0.0,0.0
scp58.txt,most_fractional_basic,288.0,288.0,,1,22.6231,22.6231,22.6231,,22.0951,0.528,291.0,291,291,1,1,4.0,0.0,0.0
scp58.txt,most_fractional_intermediate,288.0,288.0,,1,74.9244,74.9244,74.9244,,22.241,52.6834,291.0,291,291,1,1,5.0,1.0,0.2
scp58.txt,most_fractional_none,288.0,288.0,,1,22.2718,22.2718,22.2718,,22.2718,0.0,291.0,291,291,1,1,0.0,0.0,0.0
scp59.txt,best_first_advanced,inf,inf,,1,120.0,120.0,120.0,,120.0,0.0,0.0,0,0,0,1,0.0,0.0,0.0
scp59.txt,best_first_basic,279.0,279.0,,1,0.568,0.568,0.568,,0.065,0.503,1.0,1,1,1,1,3.0,0.0,0.0
scp59.txt,best_first_intermediate,279.0,279.0,,1,52.457,52.457,52.457,,0.065,52.392,1.0,1,1,1,1,4.0,1.0,0.25
scp59.txt,best_first_none,279.0,279.0,,1,0.067,0.067,0.067,,0.067,0.0,1.0,1,1,1,1,0.0,0.0,0.0
scp59.txt,breadth_first_advanced,inf,inf,,1,120.0,120.0,120.0,,120.0,0.0,0.0,0,0,0,1,0.0,0.0,0.0
scp59.txt,breadth_first_basic,279.0,279.0,,1,0.578,0.578,0.578,,0.093,0.485,1.0,1,1,1,1,3.0,0.0,0.0
scp59.txt,breadth_first_intermediate,279.0,279.0,,1,57.1192,57.1192,57.1192,,0.067,57.0522,1.0,1,1,1,1,4.0,1.0,0.25
scp59.txt,breadth_first_none,279.0,279.0,,1,0.062,0.062,0.062,,0.062,0.0,1.0,1,1,1,1,0.0,0.0,0.0
scp59.txt,depth_first_advanced,inf,inf,,1,120.0,120.0,120.0,,120.0,0.0,0.0,0,0,0,1,0.0,0.0,0.0
scp59.txt,depth_first_basic,279.0,279.0,,1,0.545,0.545,0.545,,0.062,0.483,1.0,1,1,1,1,3.0,0.0,0.0
scp59.txt,depth_first_intermediate,279.0,279.0,,1,59.5849,59.5849,59.5849,,0.065,59.5199,1.0,1,1,1,1,4.0,1.0,0.25
scp59.txt,depth_first_none,279.0,279.0,,1,0.062,0.062,0.062,,0.062,0.0,1.0,1,1,1,1,0.0,0.0,0.0
scp59.txt,hybrid_df_bf_advanced,inf,inf,,1,120.0,120.0,120.0,,120.0,0.0,0.0,0,0,0,1,0.0,0.0,0.0
scp59.txt,hybrid_df_bf_basic,279.0,279.0,,1,0.596,0.596,0.596,,0.066,0.53,1.0,1,1,1,1,3.0,0.0,0.0
scp59.txt,hybrid_df_bf_intermediate,279.0,279.0,,1,58.1638,58.1638,58.1638,,0.064,58.0998,1.0,1,1,1,1,4.0,1.0,0.25
scp59.txt,hybrid_df_bf_none,279.0,279.0,,1,0.065,0.065,0.065,,0.065,0.0,1.0,1,1,1,1,0.0,0.0,0.0
scp59.txt,most_fractional_advanced,inf,inf,,1,120.0,120.0,120.0,,120.0,0.0,0.0,0,0,0,1,0.0,0.0,0.0
scp59.txt,most_fractional_basic,279.0,279.0,,1,0.563,0.563,0.563,,0.063,0.5,1.0,1,1,1,1,3.0,0.0,0.0
scp59.txt,most_fractional_intermediate,279.0,279.0,,1,58.0323,58.0323,58.0323,,0.0735,57.9587,1.0,1,1,1,1,4.0,1.0,0.25
scp59.txt,most_fractional_none,279.0,279.0,,1,0.072,0.072,0.072,,0.072,0.0,1.0,1,1,1,1,0.0,0.0,0.0
scp61.txt,best_first_advanced,inf,inf,,1,120.0,120.0,120.0,,120.0,0.0,0.0,0,0,0,1,0.0,0.0,0.0
scp61.txt,best_first_basic,159.0,159.0,,1,120.012,120.012,120.012,,119.655,0.357,2324.0,2324,2324,0,1,12.0,0.0,0.0
scp61.txt,best_first_intermediate,142.0,142.0,,1,120.037,120.037,120.037,,112.915,7.122,2053.0,2053,2053,0,1,13.0,2.0,0.1538
scp61.txt,best_first_none,inf,inf,,1,120.043,120.043,120.043,,120.043,0.0,2278.0,2278,2278,0,1,0.0,0.0,0.0
scp61.txt,breadth_first_advanced,inf,inf,,1,120.0,120.0,120.0,,120.0,0.0,0.0,0,0,0,1,0.0,0.0,0.0
scp61.txt,breadth_first_basic,159.0,159.0,,1,120.037,120.037,120.037,,119.565,0.472,2188.0,2188,2188,0,1,12.0,0.0,0.0
scp61.txt,breadth_first_intermediate,142.0,142.0,,1,120.023,120.023,120.023,,111.066,8.957,2116.0,2116,2116,0,1,14.0,2.0,0.1429
scp61.txt,breadth_first_none,inf,inf,,1,120.041,120.041,120.041,,120.041,0.0,2350.0,2350,2350,0,1,0.0,0.0,0.0
scp61.txt,depth_first_advanced,inf,inf,,1,120.0,120.0,120.0,,120.0,0.0,0.0,0,0,0,1,0.0,0.0,0.0
scp61.txt,depth_first_basic,159.0,159.0,,1,120.042,120.042,120.042,,119.665,0.377,2037.0,2037,2037,0,1,12.0,0.0,0.0
scp61.txt,depth_first_intermediate,142.0,142.0,,1,120.0,120.0,120.0,,112.337,7.663,2304.0,2304,2304,0,1,14.0,2.0,0.1429
scp61.txt,depth_first_none,inf,inf,,1,120.003,120.003,120.003,,120.003,0.0,2325.0,2325,2325,0,1,0.0,0.0,0.0
scp61.txt,hybrid_df_bf_advanced,inf,inf,,1,120.0,120.0,120.0,,120.0,0.0,0.0,0,0,0,1,0.0,0.0,0.0
scp61.txt,hybrid_df_bf_basic,159.0,159.0,,1,120.039,120.039,120.039,,119.806,0.233,2093.0,2093,2093,0,1,11.0,0.0,0.0
scp61.txt,hybrid_df_bf_intermediate,142.0,142.0,,1,120.019,120.019,120.019,,112.518,7.501,2292.0,2292,2292,0,1,14.0,2.0,0.1429
scp61.txt,hybrid_df_bf_none,inf,inf,,1,120.011,120.011,120.011,,120.011,0.0,2301.0,2301,2301,0,1,0.0,0.0,0.0
scp61.txt,most_fractional_advanced,inf,inf,,1,120.0,120.0,120.0,,120.0,0.0,0.0,0,0,0,1,0.0,0.0,0.0
scp61.txt,most_fractional_basic,159.0,159.0,,1,120.013,120.013,120.013,,119.811,0.202,2322.0,2322,2322,0,1,12.0,0.0,0.0
scp61.txt,most_fractional_intermediate,142.0,142.0,,1,120.056,120.056,120.056,,112.209,7.847,2115.0,2115,2115,0,1,13.0,2.0,0.1538
scp61.txt,most_fractional_none,inf,inf,,1,120.032,120.032,120.032,,120.032,0.0,2395.0,2395,2395,0,1,0.0,0.0,0.0
scp62.txt,best_first_advanced,inf,inf,,1,120.0,120.0,120.0,,120.0,0.0,0.0,0,0,0,1,0.0,0.0,0.0
scp62.txt,best_first_basic,170.0,170.0,,1,120.04,120.04,120.04,,119.728,0.312,2330.0,2330,2330,0,1,12.0,0.0,0.0
scp62.txt,best_first_intermediate,156.0,156.0,,1,120.008,120.008,120.008,,110.315,9.693,2175.0,2175,2175,0,1,13.0,2.0,0.1538
scp62.txt,best_first_none,inf,inf,,1,120.0247,120.0247,120.0247,,120.0247,0.0,2133.0,2133,2133,0,1,0.0,0.0,0.0
scp62.txt,breadth_first_advanced,inf,inf,,1,120.0,120.0,120.0,,120.0,0.0,0.0,0,0,0,1,0.0,0.0,0.0
scp62.txt,breadth_first_basic,170.0,170.0,,1,120.005,120.005,120.005,,119.793,0.212,2338.0,2338,2338,0,1,12.0,0.0,0.0
scp62.txt,breadth_first_intermediate,156.0,156.0,,1,120.005,120.005,120.005,,111.531,8.474,2220.0,2220,2220,0,1,14.0,2.0,0.1429
scp62.txt,breadth_first_none,inf,inf,,1,120.026,120.026,120.026,,120.026,0.0,2328.0,2328,2328,0,1,0.0,0.0,0.0
scp62.txt,depth_first_advanced,inf,inf,,1,120.0,120.0,120.0,,120.0,0.0,0.0,0,0,0,1,0.0,0.0,0.0
scp62.txt,depth_first_basic,170.0,170.0,,1,120.003,120.003,120.003,,119.768,0.235,2538.0,2538,2538,0,1,13.0,0.0,0.0
scp62.txt,depth_first_intermediate,156.0,156.0,,1,120.058,120.058,120.058,,108.572,11.486,2132.0,2132,2132,0,1,13.0,2.0,0.1538
scp62.txt,depth_first_none,inf,inf,,1,120.045,120.045,120.045,,120.045,0.0,2409.0,2409,2409,0,1,0.0,0.0,0.0
scp62.txt,hybrid_df_bf_advanced,inf,inf,,1,120.0,120.0,120.0,,120.0,0.0,0.0,0,0,0,1,0.0,0.0,0.0
scp62.txt,hybrid_df_bf_basic,170.0,170.0,,1,120.012,120.012,120.012,,119.802,0.21,2426.0,2426,2426,0,1,12.0,0.0,0.0
scp62.txt,hybrid_df_bf_intermediate,156.0,156.0,,1,120.069,120.069,120.069,,111.64,8.429,2460.0,2460,2460,0,1,15.0,2.0,0.1333
scp62.txt,hybrid_df_bf_none,inf,inf,,1,120.013,120.013,120.013,,120.013,0.0,2415.0,2415,2415,0,1,0.0,0.0,0.0
scp62.txt,most_fractional_advanced,inf,inf,,1,120.0,120.0,120.0,,120.0,0.0,0.0,0,0,0,1,0.0,0.0,0.0
scp62.txt,most_fractional_basic,170.0,170.0,,1,120.026,120.026,120.026,,119.832,0.194,2386.0,2386,2386,0,1,13.0,0.0,0.0
scp62.txt,most_fractional_intermediate,156.0,156.0,,1,120.007,120.007,120.007,,106.968,13.039,2079.0,2079,2079,0,1,13.0,2.0,0.1538
scp62.txt,most_fractional_none,inf,inf,,1,120.013,120.013,120.013,,120.013,0.0,2474.0,2474,2474,0,1,0.0,0.0,0.0
scp63.txt,best_first_advanced,inf,inf,,1,120.0,120.0,120.0,,120.0,0.0,0.0,0,0,0,1,0.0,0.0,0.0
scp63.txt,best_first_basic,161.0,161.0,,1,120.008,120.008,120.008,,119.782,0.226,2344.0,2344,2344,0,1,13.0,0.0,0.0
scp63.txt,best_first_intermediate,156.0,156.0,,1,120.022,120.022,120.022,,110.18,9.842,2106.0,2106,2106,0,1,13.0,2.0,0.1538
scp63.txt,best_first_none,inf,inf,,1,120.014,120.014,120.014,,120.014,0.0,2284.0,2284,2284,0,1,0.0,0.0,0.0
scp63.txt,breadth_first_advanced,inf,inf,,1,120.0,120.0,120.0,,120.0,0.0,0.0,0,0,0,1,0.0,0.0,0.0
scp63.txt,breadth_first_basic,161.0,161.0,,1,120.005,120.005,120.005,,119.785,0.22,2371.0,2371,2371,0,1,13.0,0.0,0.0
scp63.txt,breadth_first_intermediate,156.0,156.0,,1,120.065,120.065,120.065,,114.241,5.824,1997.0,1997,1997,0,1,12.0,2.0,0.1667
scp63.txt,breadth_first_none,inf,inf,,1,120.011,120.011,120.011,,120.011,0.0,2506.0,2506,2506,0,1,0.0,0.0,0.0
scp63.txt,depth_first_advanced,inf,inf,,1,120.0,120.0,120.0,,120.0,0.0,0.0,0,0,0,1,0.0,0.0,0.0
scp63.txt,depth_first_basic,161.0,161.0,,1,120.037,120.037,120.037,,119.845,0.192,2563.0,2563,2563,0,1,13.0,0.0,0.0
scp63.txt,depth_first_intermediate,156.0,156.0,,1,120.009,120.009,120.009,,114.115,5.894,2375.0,2375,2375,0,1,14.0,2.0,0.1429
scp63.txt,depth_first_none,inf,inf,,1,120.042,120.042,120.042,,120.042,0.0,2343.0,2343,2343,0,1,0.0,0.0,0.0
scp63.txt,hybrid_df_bf_advanced,inf,inf,,1,120.0,120.0,120.0,,120.0,0.0,0.0,0,0,0,1,0.0,0.0,0.0
scp63.txt,hybrid_df_bf_basic,161.0,161.0,,1,120.073,120.073,120.073,,119.604,0.469,2021.0,2021,2021,0,1,11.0,0.0,0.0
scp63.txt,hybrid_df_bf_intermediate,156.0,156.0,,1,120.014,120.014,120.014,,110.306,9.708,2148.0,2148,2148,0,1,13.0,2.0,0.1538
scp63.txt,hybrid_df_bf_none,inf,inf,,1,120.009,120.009,120.009,,120.009,0.0,2172.0,2172,2172,0,1,0.0,0.0,0.0
scp63.txt,most_fractional_advanced,inf,inf,,1,120.0,120.0,120.0,,120.0,0.0,0.0,0,0,0,1,0.0,0.0,0.0
scp63.txt,most_fractional_basic,161.0,161.0,,1,120.038,120.038,120.038,,119.698,0.34,2499.0,2499,2499,0,1,13.0,0.0,0.0
scp63.txt,most_fractional_intermediate,156.0,156.0,,1,120.039,120.039,120.039,,112.498,7.541,2327.0,2327,2327,0,1,14.0,2.0,0.1429
scp63.txt,most_fractional_none,inf,inf,,1,120.07,120.07,120.07,,120.07,0.0,2524.0,2524,2524,0,1,0.0,0.0,0.0
scp64.txt,best_first_advanced,inf,inf,,1,120.0,120.0,120.0,,120.0,0.0,0.0,0,0,0,1,0.0,0.0,0.0
scp64.txt,best_first_basic,131.0,131.0,,1,3.491,3.491,3.491,,3.284,0.207,63.0,63,63,1,1,3.0,0.0,0.0
scp64.txt,best_first_intermediate,131.0,131.0,,1,17.2682,17.2682,17.2682,,4.8567,12.4115,63.0,63,63,1,1,4.0,1.0,0.25
scp64.txt,best_first_none,131.0,131.0,,1,3.174,3.174,3.174,,3.174,0.0,63.0,63,63,1,1,0.0,0.0,0.0
scp64.txt,breadth_first_advanced,inf,inf,,1,120.0,120.0,120.0,,120.0,0.0,0.0,0,0,0,1,0.0,0.0,0.0
scp64.txt,breadth_first_basic,131.0,131.0,,1,10.1917,10.1917,10.1917,,9.8137,0.378,145.0,145,145,1,1,3.0,0.0,0.0
scp64.txt,breadth_first_intermediate,131.0,131.0,,1,17.634,17.634,17.634,,7.748,9.886,145.0,145,145,1,1,4.0,1.0,0.25
scp64.txt,breadth_first_none,131.0,131.0,,1,11.2802,11.2802,11.2802,,11.2802,0.0,145.0,145,145,1,1,0.0,0.0,0.0
scp64.txt,depth_first_advanced,inf,inf,,1,120.0,120.0,120.0,,120.0,0.0,0.0,0,0,0,1,0.0,0.0,0.0
scp64.txt,depth_first_basic,131.0,131.0,,1,10.5334,10.5334,10.5334,,10.3223,0.211,195.0,195,195,1,1,3.0,0.0,0.0
scp64.txt,depth_first_intermediate,131.0,131.0,,1,20.1966,20.1966,20.1966,,10.4945,9.7021,195.0,195,195,1,1,4.0,1.0,0.25
scp64.txt,depth_first_none,131.0,131.0,,1,10.4763,10.4763,10.4763,,10.4763,0.0,195.0,195,195,1,1,0.0,0.0,0.0
scp64.txt,hybrid_df_bf_advanced,inf,inf,,1,120.0,120.0,120.0,,120.0,0.0,0.0,0,0,0,1,0.0,0.0,0.0
scp64.txt,hybrid_df_bf_basic,131.0,131.0,,1,4.89,4.89,4.89,,4.669,0.221,89.0,89,89,1,1,3.0,0.0,0.0
scp64.txt,hybrid_df_bf_intermediate,131.0,131.0,,1,14.807,14.807,14.807,,4.713,10.094,89.0,89,89,1,1,4.0,1.0,0.25
scp64.txt,hybrid_df_bf_none,131.0,131.0,,1,4.638,4.638,4.638,,4.638,0.0,89.0,89,89,1,1,0.0,0.0,0.0
scp64.txt,most_fractional_advanced,inf,inf,,1,120.0,120.0,120.0,,120.0,0.0,0.0,0,0,0,1,0.0,0.0,0.0
scp64.txt,most_fractional_basic,131.0,131.0,,1,12.3122,12.3122,12.3122,,12.0992,0.213,223.0,223,223,1,1,4.0,0.0,0.0
scp64.txt,most_fractional_intermediate,131.0,131.0,,1,27.9334,27.9334,27.9334,,13.0251,14.9083,223.0,223,223,1,1,5.0,1.0,0.2
scp64.txt,most_fractional_none,131.0,131.0,,1,12.2106,12.2106,12.2106,,12.2106,0.0,223.0,223,223,1,1,0.0,0.0,0.0
scp65.txt,best_first_advanced,inf,inf,,1,120.0,120.0,120.0,,120.0,0.0,0.0,0,0,0,1,0.0,0.0,0.0
scp65.txt,best_first_basic,161.0,161.0,,1,118.8273,118.8273,118.8273,,118.6163,0.211,2053.0,2053,2053,1,1,13.0,0.0,0.0
scp65.txt,best_first_intermediate,161.0,161.0,,1,120.0341,120.0341,120.0341,,98.5789,21.4552,1697.0,1697,1697,1,1,12.0,2.0,0.1667
scp65.txt,best_first_none,161.0,161.0,,1,118.7941,118.7941,118.7941,,118.7941,0.0,2053.0,2053,2053,1,1,0.0,0.0,0.0
scp65.txt,breadth_first_advanced,inf,inf,,1,120.0,120.0,120.0,,120.0,0.0,0.0,0,0,0,1,0.0,0.0,0.0
scp65.txt,breadth_first_basic,196.0,196.0,,1,120.0505,120.0505,120.0505,,119.8375,0.213,1905.0,1905,1905,0,1,12.0,0.0,0.0
scp65.txt,breadth_first_intermediate,180.0,180.0,,1,120.0016,120.0016,120.0016,,104.9375,15.0641,1699.0,1699,1699,0,1,12.0,2.0,0.1667
scp65.txt,breadth_first_none,inf,inf,,1,120.0209,120.0209,120.0209,,120.0209,0.0,1932.0,1932,1932,0,1,0.0,0.0,0.0
scp65.txt,depth_first_advanced,183.0,183.0,,1,121.4654,121.4654,121.4654,,82.7834,38.682,1000.0,1000,1000,1,1,5.0,3.0,0.6
scp65.txt,depth_first_basic,196.0,196.0,,1,120.0192,120.0192,120.0192,,119.7722,0.247,1680.0,1680,1680,1,1,11.0,0.0,0.0
scp65.txt,depth_first_intermediate,180.0,180.0,,1,120.0599,120.0599,120.0599,,99.0407,21.0192,1515.0,1515,1515,1,1,11.0,2.0,0.1818
scp65.txt,depth_first_none,3267.0,3267.0,,1,120.0056,120.0056,120.0056,,120.0056,0.0,1250.0,1250,1250,1,1,0.0,0.0,0.0
scp65.txt,hybrid_df_bf_advanced,inf,inf,,1,120.0,120.0,120.0,,120.0,0.0,0.0,0,0,0,1,0.0,0.0,0.0
scp65.txt,hybrid_df_bf_basic,161.0,161.0,,1,120.0323,120.0323,120.0323,,119.8053,0.227,2070.0,2070,2070,1,1,13.0,0.0,0.0
scp65.txt,hybrid_df_bf_intermediate,161.0,161.0,,1,120.0095,120.0095,120.0095,,104.6357,15.3738,1901.0,1901,1901,1,1,13.0,2.0,0.1538
scp65.txt,hybrid_df_bf_none,161.0,161.0,,1,120.0612,120.0612,120.0612,,120.0612,0.0,2069.0,2069,2069,1,1,0.0,0.0,0.0
scp65.txt,most_fractional_advanced,inf,inf,,1,120.0,120.0,120.0,,120.0,0.0,0.0,0,0,0,1,0.0,0.0,0.0
scp65.txt,most_fractional_basic,161.0,161.0,,1,68.3612,68.3612,68.3612,,68.1462,0.215,941.0,941,941,1,1,7.0,0.0,0.0
scp65.txt,most_fractional_intermediate,161.0,161.0,,1,75.189,75.189,75.189,,60.1899,14.9991,941.0,941,941,1,1,8.0,1.0,0.125
scp65.txt,most_fractional_none,161.0,161.0,,1,55.157,55.157,55.157,,55.157,0.0,941.0,941,941,1,1,0.0,0.0,0.0
scpa1.txt,best_first_advanced,inf,inf,,1,120.0,120.0,120.0,,120.0,0.0,0.0,0,0,0,1,0.0,0.0,0.0
scpa1.txt,best_first_basic,288.0,288.0,,1,120.014,120.014,120.014,,118.982,1.032,1067.0,1067,1067,0,1,8.0,0.0,0.0
scpa1.txt,best_first_intermediate,281.0,281.0,,1,277.151,277.151,277.151,,0.001,277.15,0.0,0,0,0,1,4.0,1.0,0.25
scpa1.txt,best_first_none,inf,inf,,1,120.049,120.049,120.049,,120.049,0.0,1034.0,1034,1034,0,1,0.0,0.0,0.0
scpa1.txt,breadth_first_advanced,inf,inf,,1,120.0,120.0,120.0,,120.0,0.0,0.0,0,0,0,1,0.0,0.0,0.0
scpa1.txt,breadth_first_basic,288.0,288.0,,1,120.078,120.078,120.078,,118.972,1.106,1045.0,1045,1045,0,1,7.0,0.0,0.0
scpa1.txt,breadth_first_intermediate,281.0,281.0,,1,285.117,285.117,285.117,,0.001,285.116,0.0,0,0,0,1,4.0,1.0,0.25
scpa1.txt,breadth_first_none,inf,inf,,1,120.059,120.059,120.059,,120.059,0.0,1081.0,1081,1081,0,1,0.0,0.0,0.0
scpa1.txt,depth_first_advanced,inf,inf,,1,120.0,120.0,120.0,,120.0,0.0,0.0,0,0,0,1,0.0,0.0,0.0
scpa1.txt,depth_first_basic,288.0,288.0,,1,120.065,120.065,120.065,,119.035,1.03,1009.0,1009,1009,0,1,7.0,0.0,0.0
scpa1.txt,depth_first_intermediate,281.0,281.0,,1,277.551,277.551,277.551,,0.001,277.55,0.0,0,0,0,1,4.0,1.0,0.25
scpa1.txt,depth_first_none,inf,inf,,1,120.011,120.011,120.011,,120.011,0.0,949.0,949,949,0,1,0.0,0.0,0.0
scpa1.txt,hybrid_df_bf_advanced,inf,inf,,1,120.0,120.0,120.0,,120.0,0.0,0.0,0,0,0,1,0.0,0.0,0.0
scpa1.txt,hybrid_df_bf_basic,288.0,288.0,,1,120.056,120.056,120.056,,118.614,1.442,1061.0,1061,1061,0,1,8.0,0.0,0.0
scpa1.txt,hybrid_df_bf_intermediate,281.0,281.0,,1,274.433,274.433,274.433,,0.001,274.432,0.0,0,0,0,1,4.0,1.0,0.25
scpa1.txt,hybrid_df_bf_none,inf,inf,,1,120.165,120.165,120.165,,120.165,0.0,1072.0,1072,1072,0,1,0.0,0.0,0.0
scpa1.txt,most_fractional_advanced,inf,inf,,1,120.0,120.0,120.0,,120.0,0.0,0.0,0,0,0,1,0.0,0.0,0.0
scpa1.txt,most_fractional_basic,288.0,288.0,,1,120.08,120.08,120.08,,118.773,1.307,1058.0,1058,1058,0,1,8.0,0.0,0.0
scpa1.txt,most_fractional_intermediate,281.0,281.0,,1,272.76,272.76,272.76,,0.002,272.758,0.0,0,0,0,1,4.0,1.0,0.25
scpa1.txt,most_fractional_none,inf,inf,,1,120.095,120.095,120.095,,120.095,0.0,1083.0,1083,1083,0,1,0.0,0.0,0.0
scpa2.txt,best_first_advanced,inf,inf,,1,120.0,120.0,120.0,,120.0,0.0,0.0,0,0,0,1,0.0,0.0,0.0
scpa2.txt,best_first_basic,284.0,284.0,,1,120.0386,120.0386,120.0386,,118.8626,1.176,803.0,803,803,0,1,7.0,0.0,0.0
scpa2.txt,best_first_intermediate,280.0,280.0,,1,219.8787,219.8787,219.8787,,0.001,219.8777,0.0,0,0,0,1,4.0,1.0,0.25
scpa2.txt,best_first_none,inf,inf,,1,120.0335,120.0335,120.0335,,120.0335,0.0,712.0,712,712,0,1,0.0,0.0,0.0
scpa2.txt,breadth_first_advanced,inf,inf,,1,120.0,120.0,120.0,,120.0,0.0,0.0,0,0,0,1,0.0,0.0,0.0
scpa2.txt,breadth_first_basic,284.0,284.0,,1,120.0649,120.0649,120.0649,,118.9409,1.124,636.0,636,636,0,1,6.0,0.0,0.0
scpa2.txt,breadth_first_intermediate,280.0,280.0,,1,214.485,214.485,214.485,,0.002,214.483,0.0,0,0,0,1,4.0,1.0,0.25
scpa2.txt,breadth_first_none,inf,inf,,1,120.166,120.166,120.166,,120.166,0.0,680.0,680,680,0,1,0.0,0.0,0.0
scpa2.txt,depth_first_advanced,266.0,266.0,,1,162.5255,162.5255,162.5255,,68.1225,94.403,300.0,300,300,1,1,2.0,0.0,0.0
scpa2.txt,depth_first_basic,284.0,284.0,,1,120.1983,120.1983,120.1983,,119.0583,1.14,540.0,540,540,0,1,5.0,0.0,0.0
scpa2.txt,depth_first_intermediate,280.0,280.0,,1,212.8517,212.8517,212.8517,,0.002,212.8497,0.0,0,0,0,1,4.0,1.0,0.25
scpa2.txt,depth_first_none,inf,inf,,1,120.1067,120.1067,120.1067,,120.1067,0.0,308.0,308,308,0,1,0.0,0.0,0.0
scpa2.txt,hybrid_df_bf_advanced,inf,inf,,1,120.0,120.0,120.0,,120.0,0.0,0.0,0,0,0,1,0.0,0.0,0.0
scpa2.txt,hybrid_df_bf_basic,284.0,284.0,,1,120.0141,120.0141,120.0141,,118.9021,1.112,771.0,771,771,0,1,6.0,0.0,0.0
scpa2.txt,hybrid_df_bf_intermediate,280.0,280.0,,1,221.273,221.273,221.273,,0.001,221.272,0.0,0,0,0,1,4.0,1.0,0.25
scpa2.txt,hybrid_df_bf_none,inf,inf,,1,120.1396,120.1396,120.1396,,120.1396,0.0,801.0,801,801,0,1,0.0,0.0,0.0
scpa2.txt,most_fractional_advanced,255.0,255.0,,1,146.7484,146.7484,146.7484,,59.8062,86.9422,300.0,300,300,1,1,2.0,0.0,0.0
scpa2.txt,most_fractional_basic,284.0,284.0,,1,120.0387,120.0387,120.0387,,118.1651,1.8737,521.0,521,521,0,1,5.0,0.0,0.0
scpa2.txt,most_fractional_intermediate,280.0,280.0,,1,226.2008,226.2008,226.2008,,0.002,226.1988,0.0,0,0,0,1,4.0,1.0,0.25
scpa2.txt,most_fractional_none,inf,inf,,1,120.2056,120.2056,120.2056,,120.2056,0.0,549.0,549,549,0,1,0.0,0.0,0.0
scpa3.txt,best_first_advanced,inf,inf,,1,120.0,120.0,120.0,,120.0,0.0,0.0,0,0,0,1,0.0,0.0,0.0
scpa3.txt,best_first_basic,270.0,270.0,,1,120.014,120.014,120.014,,118.872,1.142,1047.0,1047,1047,0,1,8.0,0.0,0.0
scpa3.txt,best_first_intermediate,261.0,261.0,,1,381.858,381.858,381.858,,0.003,381.855,0.0,0,0,0,1,4.0,1.0,0.25
scpa3.txt,best_first_none,inf,inf,,1,120.002,120.002,120.002,,120.002,0.0,1052.0,1052,1052,0,1,0.0,0.0,0.0
scpa3.txt,breadth_first_advanced,inf,inf,,1,120.0,120.0,120.0,,120.0,0.0,0.0,0,0,0,1,0.0,0.0,0.0
scpa3.txt,breadth_first_basic,270.0,270.0,,1,120.045,120.045,120.045,,118.924,1.121,1066.0,1066,1066,0,1,8.0,0.0,0.0
scpa3.txt,breadth_first_intermediate,261.0,261.0,,1,389.558,389.558,389.558,,0.002,389.556,0.0,0,0,0,1,4.0,1.0,0.25
scpa3.txt,breadth_first_none,inf,inf,,1,120.055,120.055,120.055,,120.055,0.0,1082.0,1082,1082,0,1,0.0,0.0,0.0
scpa3.txt,depth_first_advanced,inf,inf,,1,120.0,120.0,120.0,,120.0,0.0,0.0,0,0,0,1,0.0,0.0,0.0
scpa3.txt,depth_first_basic,270.0,270.0,,1,120.168,120.168,120.168,,119.128,1.04,1041.0,1041,1041,0,1,8.0,0.0,0.0
scpa3.txt,depth_first_intermediate,261.0,261.0,,1,386.178,386.178,386.178,,0.002,386.176,0.0,0,0,0,1,4.0,1.0,0.25
scpa3.txt,depth_first_none,inf,inf,,1,120.061,120.061,120.061,,120.061,0.0,1058.0,1058,1058,0,1,0.0,0.0,0.0
scpa3.txt,hybrid_df_bf_advanced,inf,inf,,1,120.0,120.0,120.0,,120.0,0.0,0.0,0,0,0,1,0.0,0.0,0.0
scpa3.txt,hybrid_df_bf_basic,270.0,270.0,,1,120.073,120.073,120.073,,117.587,2.486,1046.0,1046,1046,0,1,8.0,0.0,0.0
scpa3.txt,hybrid_df_bf_intermediate,261.0,261.0,,1,385.023,385.023,385.023,,0.003,385.02,0.0,0,0,0,1,4.0,1.0,0.25
scpa3.txt,hybrid_df_bf_none,inf,inf,,1,120.062,120.062,120.062,,120.062,0.0,1071.0,1071,1071,0,1,0.0,0.0,0.0
scpa3.txt,most_fractional_advanced,inf,inf,,1,120.0,120.0,120.0,,120.0,0.0,0.0,0,0,0,1,0.0,0.0,0.0
scpa3.txt,most_fractional_basic,270.0,270.0,,1,120.081,120.081,120.081,,119.016,1.065,1084.0,1084,1084,0,1,8.0,0.0,0.0
scpa3.txt,most_fractional_intermediate,261.0,261.0,,1,387.723,387.723,387.723,,0.002,387.721,0.0,0,0,0,1,4.0,1.0,0.25
scpa3.txt,most_fractional_none,inf,inf,,1,120.101,120.101,120.101,,120.101,0.0,1066.0,1066,1066,0,1,0.0,0.0,0.0
scpa4.txt,best_first_advanced,inf,inf,,1,120.0,120.0,120.0,,120.0,0.0,0.0,0,0,0,1,0.0,0.0,0.0
scpa4.txt,best_first_basic,278.0,278.0,,1,120.084,120.084,120.084,,118.238,1.846,1117.0,1117,1117,0,1,8.0,0.0,0.0
scpa4.txt,best_first_intermediate,259.0,259.0,,1,524.9282,524.9282,524.9282,,0.002,524.9262,0.0,0,0,0,1,4.0,1.0,0.25
scpa4.txt,best_first_none,inf,inf,,1,120.172,120.172,120.172,,120.172,0.0,1102.0,1102,1102,0,1,0.0,0.0,0.0
scpa4.txt,breadth_first_advanced,inf,inf,,1,120.0,120.0,120.0,,120.0,0.0,0.0,0,0,0,1,0.0,0.0,0.0
scpa4.txt,breadth_first_basic,278.0,278.0,,1,120.084,120.084,120.084,,118.379,1.705,1101.0,1101,1101,0,1,8.0,0.0,0.0
scpa4.txt,breadth_first_intermediate,259.0,259.0,,1,506.23,506.23,506.23,,0.002,506.228,0.0,0,0,0,1,4.0,1.0,0.25
scpa4.txt,breadth_first_none,inf,inf,,1,120.053,120.053,120.053,,120.053,0.0,1158.0,1158,1158,0,1,0.0,0.0,0.0
scpa4.txt,depth_first_advanced,inf,inf,,1,120.0,120.0,120.0,,120.0,0.0,0.0,0,0,0,1,0.0,0.0,0.0
scpa4.txt,depth_first_basic,278.0,278.0,,1,120.008,120.008,120.008,,118.931,1.077,1091.0,1091,1091,0,1,8.0,0.0,0.0
scpa4.txt,depth_first_intermediate,259.0,259.0,,1,520.002,520.002,520.002,,0.001,520.001,0.0,0,0,0,1,4.0,1.0,0.25
scpa4.txt,depth_first_none,inf,inf,,1,120.096,120.096,120.096,,120.096,0.0,1115.0,1115,1115,0,1,0.0,0.0,0.0
scpa4.txt,hybrid_df_bf_advanced,inf,inf,,1,120.0,120.0,120.0,,120.0,0.0,0.0,0,0,0,1,0.0,0.0,0.0
scpa4.txt,hybrid_df_bf_basic,278.0,278.0,,1,120.0614,120.0614,120.0614,,119.0264,1.035,1098.0,1098,1098,0,1,8.0,0.0,0.0
scpa4.txt,hybrid_df_bf_intermediate,259.0,259.0,,1,527.7324,527.7324,527.7324,,0.002,527.7304,0.0,0,0,0,1,4.0,1.0,0.25
scpa4.txt,hybrid_df_bf_none,inf,inf,,1,120.089,120.089,120.089,,120.089,0.0,1107.0,1107,1107,0,1,0.0,0.0,0.0
scpa4.txt,most_fractional_advanced,inf,inf,,1,120.0,120.0,120.0,,120.0,0.0,0.0,0,0,0,1,0.0,0.0,0.0
scpa4.txt,most_fractional_basic,278.0,278.0,,1,120.0529,120.0529,120.0529,,118.9709,1.082,1118.0,1118,1118,0,1,8.0,0.0,0.0
scpa4.txt,most_fractional_intermediate,259.0,259.0,,1,527.8373,527.8373,527.8373,,0.001,527.8363,0.0,0,0,0,1,4.0,1.0,0.25
scpa4.txt,most_fractional_none,inf,inf,,1,120.0724,120.0724,120.0724,,120.0724,0.0,1110.0,1110,1110,0,1,0.0,0.0,0.0
scpa5.txt,best_first_advanced,inf,inf,,1,120.0,120.0,120.0,,120.0,0.0,0.0,0,0,0,1,0.0,0.0,0.0
scpa5.txt,best_first_basic,271.0,271.0,,1,120.0703,120.0703,120.0703,,118.8823,1.188,1149.0,1149,1149,0,1,8.0,0.0,0.0
scpa5.txt,best_first_intermediate,262.0,262.0,,1,345.5455,345.5455,345.5455,,0.002,345.5435,0.0,0,0,0,1,4.0,1.0,0.25
scpa5.txt,best_first_none,inf,inf,,1,120.059,120.059,120.059,,120.059,0.0,1153.0,1153,1153,0,1,0.0,0.0,0.0
scpa5.txt,breadth_first_advanced,inf,inf,,1,120.0,120.0,120.0,,120.0,0.0,0.0,0,0,0,1,0.0,0.0,0.0
scpa5.txt,breadth_first_basic,271.0,271.0,,1,120.048,120.048,120.048,,118.8799,1.1682,1032.0,1032,1032,0,1,7.0,0.0,0.0
scpa5.txt,breadth_first_intermediate,262.0,262.0,,1,345.7196,345.7196,345.7196,,0.002,345.7176,0.0,0,0,0,1,4.0,1.0,0.25
scpa5.txt,breadth_first_none,inf,inf,,1,120.0557,120.0557,120.0557,,120.0557,0.0,1074.0,1074,1074,0,1,0.0,0.0,0.0
scpa5.txt,depth_first_advanced,inf,inf,,1,120.0,120.0,120.0,,120.0,0.0,0.0,0,0,0,1,0.0,0.0,0.0
scpa5.txt,depth_first_basic,271.0,271.0,,1,120.0977,120.0977,120.0977,,119.0007,1.097,1124.0,1124,1124,0,1,8.0,0.0,0.0
scpa5.txt,depth_first_intermediate,262.0,262.0,,1,348.5294,348.5294,348.5294,,0.001,348.5284,0.0,0,0,0,1,4.0,1.0,0.25
scpa5.txt,depth_first_none,inf,inf,,1,120.101,120.101,120.101,,120.101,0.0,1151.0,1151,1151,0,1,0.0,0.0,0.0
scpa5.txt,hybrid_df_bf_advanced,inf,inf,,1,120.0,120.0,120.0,,120.0,0.0,0.0,0,0,0,1,0.0,0.0,0.0
scpa5.txt,hybrid_df_bf_basic,271.0,271.0,,1,120.016,120.016,120.016,,118.86,1.156,1101.0,1101,1101,0,1,8.0,0.0,0.0
scpa5.txt,hybrid_df_bf_intermediate,262.0,262.0,,1,350.5705,350.5705,350.5705,,0.002,350.5685,0.0,0,0,0,1,4.0,1.0,0.25
scpa5.txt,hybrid_df_bf_none,inf,inf,,1,120.0791,120.0791,120.0791,,120.0791,0.0,1119.0,1119,1119,0,1,0.0,0.0,0.0
scpa5.txt,most_fractional_advanced,inf,inf,,1,120.0,120.0,120.0,,120.0,0.0,0.0,0,0,0,1,0.0,0.0,0.0
scpa5.txt,most_fractional_basic,271.0,271.0,,1,120.0151,120.0151,120.0151,,118.7921,1.223,1119.0,1119,1119,0,1,8.0,0.0,0.0
scpa5.txt,most_fractional_intermediate,262.0,262.0,,1,349.1737,349.1737,349.1737,,0.003,349.1707,0.0,0,0,0,1,4.0,1.0,0.25
scpa5.txt,most_fractional_none,inf,inf,,1,120.1029,120.1029,120.1029,,120.1029,0.0,1111.0,1111,1111,0,1,0.0,0.0,0.0
scpb1.txt,best_first_advanced,inf,inf,,1,120.0,120.0,120.0,,120.0,0.0,0.0,0,0,0,1,0.0,0.0,0.0
scpb1.txt,best_first_basic,77.0,77.0,,1,120.0459,120.0459,120.0459,,119.1859,0.86,843.0,843,843,0,1,7.0,0.0,0.0
scpb1.txt,best_first_intermediate,72.0,72.0,,1,120.0075,120.0075,120.0075,,38.2825,81.7249,286.0,286,286,0,1,5.0,2.0,0.4
scpb1.txt,best_first_none,inf,inf,,1,120.0432,120.0432,120.0432,,120.0432,0.0,835.0,835,835,0,1,0.0,0.0,0.0
scpb1.txt,breadth_first_advanced,inf,inf,,1,120.0,120.0,120.0,,120.0,0.0,0.0,0,0,0,1,0.0,0.0,0.0
scpb1.txt,breadth_first_basic,77.0,77.0,,1,120.0031,120.0031,120.0031,,119.1819,0.8212,774.0,774,774,0,1,6.0,0.0,0.0
scpb1.txt,breadth_first_intermediate,72.0,72.0,,1,120.0404,120.0404,120.0404,,41.098,78.9424,307.0,307,307,0,1,6.0,2.0,0.3333
scpb1.txt,breadth_first_none,inf,inf,,1,120.0435,120.0435,120.0435,,120.0435,0.0,864.0,864,864,0,1,0.0,0.0,0.0
scpb1.txt,depth_first_advanced,inf,inf,,1,120.0,120.0,120.0,,120.0,0.0,0.0,0,0,0,1,0.0,0.0,0.0
scpb1.txt,depth_first_basic,77.0,77.0,,1,120.0133,120.0133,120.0133,,119.2153,0.798,865.0,865,865,0,1,7.0,0.0,0.0
scpb1.txt,depth_first_intermediate,72.0,72.0,,1,120.1581,120.1581,120.1581,,39.4886,80.6696,277.0,277,277,0,1,5.0,2.0,0.4
scpb1.txt,depth_first_none,inf,inf,,1,120.0919,120.0919,120.0919,,120.0919,0.0,832.0,832,832,0,1,0.0,0.0,0.0
scpb1.txt,hybrid_df_bf_advanced,inf,inf,,1,120.0,120.0,120.0,,120.0,0.0,0.0,0,0,0,1,0.0,0.0,0.0
scpb1.txt,hybrid_df_bf_basic,77.0,77.0,,1,120.0556,120.0556,120.0556,,119.1906,0.865,830.0,830,830,0,1,7.0,0.0,0.0
scpb1.txt,hybrid_df_bf_intermediate,72.0,72.0,,1,120.0248,120.0248,120.0248,,39.356,80.6688,294.0,294,294,0,1,5.0,2.0,0.4
scpb1.txt,hybrid_df_bf_none,inf,inf,,1,120.1172,120.1172,120.1172,,120.1172,0.0,826.0,826,826,0,1,0.0,0.0,0.0
scpb1.txt,most_fractional_advanced,inf,inf,,1,120.0,120.0,120.0,,120.0,0.0,0.0,0,0,0,1,0.0,0.0,0.0
scpb1.txt,most_fractional_basic,77.0,77.0,,1,120.0871,120.0871,120.0871,,119.2601,0.827,825.0,825,825,0,1,7.0,0.0,0.0
scpb1.txt,most_fractional_intermediate,72.0,72.0,,1,120.0211,120.0211,120.0211,,39.0962,80.925,292.0,292,292,0,1,5.0,2.0,0.4
scpb1.txt,most_fractional_none,inf,inf,,1,120.0486,120.0486,120.0486,,120.0486,0.0,806.0,806,806,0,1,0.0,0.0,0.0
scpb2.txt,best_first_advanced,inf,inf,,1,120.0,120.0,120.0,,120.0,0.0,0.0,0,0,0,1,0.0,0.0,0.0
scpb2.txt,best_first_basic,86.0,86.0,,1,120.123,120.123,120.123,,118.063,2.06,610.0,610,610,0,1,6.0,0.0,0.0
scpb2.txt,best_first_intermediate,83.0,83.0,,1,126.1931,126.1931,126.1931,,0.003,126.1901,0.0,0,0,0,1,4.0,1.0,0.25
scpb2.txt,best_first_none,inf,inf,,1,120.4234,120.4234,120.4234,,120.4234,0.0,675.0,675,675,0,1,0.0,0.0,0.0
scpb2.txt,breadth_first_advanced,inf,inf,,1,120.0,120.0,120.0,,120.0,0.0,0.0,0,0,0,1,0.0,0.0,0.0
scpb2.txt,breadth_first_basic,86.0,86.0,,1,120.1071,120.1071,120.1071,,119.1921,0.915,779.0,779,779,0,1,6.0,0.0,0.0
scpb2.txt,breadth_first_intermediate,83.0,83.0,,1,120.074,120.074,120.074,,19.3796,100.6943,96.0,96,96,0,1,4.0,1.0,0.25
scpb2.txt,breadth_first_none,inf,inf,,1,120.0383,120.0383,120.0383,,120.0383,0.0,725.0,725,725,0,1,0.0,0.0,0.0
scpb2.txt,depth_first_advanced,inf,inf,,1,120.0,120.0,120.0,,120.0,0.0,0.0,0,0,0,1,0.0,0.0,0.0
scpb2.txt,depth_first_basic,86.0,86.0,,1,120.0186,120.0186,120.0186,,118.3028,1.7158,654.0,654,654,0,1,6.0,0.0,0.0
scpb2.txt,depth_first_intermediate,83.0,83.0,,1,124.8962,124.8962,124.8962,,0.002,124.8942,0.0,0,0,0,1,4.0,1.0,0.25
scpb2.txt,depth_first_none,inf,inf,,1,120.2457,120.2457,120.2457,,120.2457,0.0,836.0,836,836,0,1,0.0,0.0,0.0
scpb2.txt,hybrid_df_bf_advanced,inf,inf,,1,120.0,120.0,120.0,,120.0,0.0,0.0,0,0,0,1,0.0,0.0,0.0
scpb2.txt,hybrid_df_bf_basic,86.0,86.0,,1,120.11,120.11,120.11,,119.122,0.988,700.0,700,700,0,1,6.0,0.0,0.0
scpb2.txt,hybrid_df_bf_intermediate,83.0,83.0,,1,120.0184,120.0184,120.0184,,6.952,113.0664,46.0,46,46,0,1,4.0,1.0,0.25
scpb2.txt,hybrid_df_bf_none,inf,inf,,1,120.0975,120.0975,120.0975,,120.0975,0.0,698.0,698,698,0,1,0.0,0.0,0.0
scpb2.txt,most_fractional_advanced,inf,inf,,1,120.0,120.0,120.0,,120.0,0.0,0.0,0,0,0,1,0.0,0.0,0.0
scpb2.txt,most_fractional_basic,86.0,86.0,,1,120.0249,120.0249,120.0249,,119.0189,1.006,734.0,734,734,0,1,6.0,0.0,0.0
scpb2.txt,most_fractional_intermediate,79.0,79.0,,1,120.0245,120.0245,120.0245,,16.67,103.3545,121.0,121,121,0,1,5.0,2.0,0.4
scpb2.txt,most_fractional_none,inf,inf,,1,120.06,120.06,120.06,,120.06,0.0,696.0,696,696,0,1,0.0,0.0,0.0
scpb3.txt,best_first_advanced,inf,inf,,1,120.0,120.0,120.0,,120.0,0.0,0.0,0,0,0,1,0.0,0.0,0.0
scpb3.txt,best_first_basic,89.0,89.0,,1,120.0592,120.0592,120.0592,,119.1702,0.889,841.0,841,841,0,1,7.0,0.0,0.0
scpb3.txt,best_first_intermediate,82.0,82.0,,1,120.0877,120.0877,120.0877,,46.334,73.7537,353.0,353,353,0,1,6.0,2.0,0.3333
scpb3.txt,best_first_none,inf,inf,,1,120.053,120.053,120.053,,120.053,0.0,869.0,869,869,0,1,0.0,0.0,0.0
scpb3.txt,breadth_first_advanced,inf,inf,,1,120.0,120.0,120.0,,120.0,0.0,0.0,0,0,0,1,0.0,0.0,0.0
scpb3.txt,breadth_first_basic,89.0,89.0,,1,120.0577,120.0577,120.0577,,119.1257,0.932,850.0,850,850,0,1,7.0,0.0,0.0
scpb3.txt,breadth_first_intermediate,82.0,82.0,,1,120.0836,120.0836,120.0836,,50.3803,69.7033,355.0,355,355,0,1,6.0,2.0,0.3333
scpb3.txt,breadth_first_none,inf,inf,,1,120.1276,120.1276,120.1276,,120.1276,0.0,840.0,840,840,0,1,0.0,0.0,0.0
scpb3.txt,depth_first_advanced,inf,inf,,1,120.0,120.0,120.0,,120.0,0.0,0.0,0,0,0,1,0.0,0.0,0.0
scpb3.txt,depth_first_basic,89.0,89.0,,1,120.118,120.118,120.118,,119.207,0.911,836.0,836,836,0,1,7.0,0.0,0.0
scpb3.txt,depth_first_intermediate,82.0,82.0,,1,120.1366,120.1366,120.1366,,43.7167,76.42,327.0,327,327,0,1,6.0,2.0,0.3333
scpb3.txt,depth_first_none,inf,inf,,1,120.035,120.035,120.035,,120.035,0.0,876.0,876,876,0,1,0.0,0.0,0.0
scpb3.txt,hybrid_df_bf_advanced,inf,inf,,1,120.0,120.0,120.0,,120.0,0.0,0.0,0,0,0,1,0.0,0.0,0.0
scpb3.txt,hybrid_df_bf_basic,89.0,89.0,,1,120.137,120.137,120.137,,118.671,1.466,849.0,849,849,0,1,7.0,0.0,0.0
scpb3.txt,hybrid_df_bf_intermediate,82.0,82.0,,1,120.1308,120.1308,120.1308,,47.7211,72.4097,338.0,338,338,0,1,6.0,2.0,0.3333
scpb3.txt,hybrid_df_bf_none,inf,inf,,1,120.2048,120.2048,120.2048,,120.2048,0.0,852.0,852,852,0,1,0.0,0.0,0.0
scpb3.txt,most_fractional_advanced,inf,inf,,1,120.0,120.0,120.0,,120.0,0.0,0.0,0,0,0,1,0.0,0.0,0.0
scpb3.txt,most_fractional_basic,89.0,89.0,,1,120.0889,120.0889,120.0889,,119.2259,0.863,844.0,844,844,0,1,7.0,0.0,0.0
scpb3.txt,most_fractional_intermediate,82.0,82.0,,1,120.0735,120.0735,120.0735,,49.093,70.9804,375.0,375,375,0,1,6.0,2.0,0.3333
scpb3.txt,most_fractional_none,inf,inf,,1,120.1142,120.1142,120.1142,,120.1142,0.0,868.0,868,868,0,1,0.0,0.0,0.0
scpb4.txt,best_first_advanced,inf,inf,,1,120.0,120.0,120.0,,120.0,0.0,0.0,0,0,0,1,0.0,0.0,0.0
scpb4.txt,best_first_basic,89.0,89.0,,1,120.0237,120.0237,120.0237,,119.1447,0.879,828.0,828,828,0,1,7.0,0.0,0.0
scpb4.txt,best_first_intermediate,83.0,83.0,,1,120.0639,120.0639,120.0639,,81.5335,38.5304,576.0,576,576,0,1,7.0,1.0,0.1429
scpb4.txt,best_first_none,inf,inf,,1,120.0876,120.0876,120.0876,,120.0876,0.0,823.0,823,823,0,1,0.0,0.0,0.0
scpb4.txt,breadth_first_advanced,inf,inf,,1,120.0,120.0,120.0,,120.0,0.0,0.0,0,0,0,1,0.0,0.0,0.0
scpb4.txt,breadth_first_basic,89.0,89.0,,1,120.0136,120.0136,120.0136,,119.0796,0.934,836.0,836,836,0,1,7.0,0.0,0.0
scpb4.txt,breadth_first_intermediate,83.0,83.0,,1,120.007,120.007,120.007,,82.8436,37.1634,586.0,586,586,0,1,7.0,1.0,0.1429
scpb4.txt,breadth_first_none,inf,inf,,1,120.0698,120.0698,120.0698,,120.0698,0.0,818.0,818,818,0,1,0.0,0.0,0.0
scpb4.txt,depth_first_advanced,inf,inf,,1,120.0,120.0,120.0,,120.0,0.0,0.0,0,0,0,1,0.0,0.0,0.0
scpb4.txt,depth_first_basic,89.0,89.0,,1,120.0363,120.0363,120.0363,,119.0903,0.946,836.0,836,836,0,1,7.0,0.0,0.0
scpb4.txt,depth_first_intermediate,83.0,83.0,,1,120.076,120.076,120.076,,82.3243,37.7517,582.0,582,582,0,1,7.0,1.0,0.1429
scpb4.txt,depth_first_none,inf,inf,,1,120.1213,120.1213,120.1213,,120.1213,0.0,810.0,810,810,0,1,0.0,0.0,0.0
scpb4.txt,hybrid_df_bf_advanced,inf,inf,,1,120.0,120.0,120.0,,120.0,0.0,0.0,0,0,0,1,0.0,0.0,0.0
scpb4.txt,hybrid_df_bf_basic,89.0,89.0,,1,120.1102,120.1102,120.1102,,119.1792,0.931,825.0,825,825,0,1,7.0,0.0,0.0
scpb4.txt,hybrid_df_bf_intermediate,83.0,83.0,,1,120.0671,120.0671,120.0671,,81.4997,38.5674,576.0,576,576,0,1,7.0,1.0,0.1429
scpb4.txt,hybrid_df_bf_none,inf,inf,,1,120.083,120.083,120.083,,120.083,0.0,815.0,815,815,0,1,0.0,0.0,0.0
scpb4.txt,most_fractional_advanced,inf,inf,,1,120.0,120.0,120.0,,120.0,0.0,0.0,0,0,0,1,0.0,0.0,0.0
scpb4.txt,most_fractional_basic,89.0,89.0,,1,120.0369,120.0369,120.0369,,119.1179,0.919,824.0,824,824,0,1,7.0,0.0,0.0
scpb4.txt,most_fractional_intermediate,83.0,83.0,,1,120.1136,120.1136,120.1136,,85.8966,34.217,598.0,598,598,0,1,7.0,1.0,0.1429
scpb4.txt,most_fractional_none,inf,inf,,1,120.0073,120.0073,120.0073,,120.0073,0.0,810.0,810,810,0,1,0.0,0.0,0.0
scpb5.txt,best_first_advanced,72.0,72.0,,1,122.3949,122.3949,122.3949,,74.8332,47.5617,400.0,400,400,1,1,2.0,0.0,0.0
scpb5.txt,best_first_basic,78.0,78.0,,1,120.0512,120.0512,120.0512,,119.1422,0.909,683.0,683,683,0,1,6.0,0.0,0.0
scpb5.txt,best_first_intermediate,75.0,75.0,,1,120.0184,120.0184,120.0184,,78.6036,41.4148,454.0,454,454,0,1,6.0,1.0,0.1667
scpb5.txt,best_first_none,inf,inf,,1,120.0949,120.0949,120.0949,,120.0949,0.0,718.0,718,718,0,1,0.0,0.0,0.0
scpb5.txt,breadth_first_advanced,inf,inf,,1,120.1013,120.1013,120.1013,,120.1013,0.0,511.0,511,511,0,1,0.0,0.0,0.0
scpb5.txt,breadth_first_basic,78.0,78.0,,1,120.0172,120.0172,120.0172,,118.4882,1.529,553.0,553,553,0,1,5.0,0.0,0.0
scpb5.txt,breadth_first_intermediate,75.0,75.0,,1,120.1901,120.1901,120.1901,,84.1619,36.0282,403.0,403,403,1,1,6.0,1.0,0.1667
scpb5.txt,breadth_first_none,inf,inf,,1,120.1208,120.1208,120.1208,,120.1208,0.0,535.0,535,535,0,1,0.0,0.0,0.0
scpb5.txt,depth_first_advanced,inf,inf,,1,120.6553,120.6553,120.6553,,120.6553,0.0,181.0,181,181,0,1,0.0,0.0,0.0
scpb5.txt,depth_first_basic,78.0,78.0,,1,120.1112,120.1112,120.1112,,119.2192,0.892,502.0,502,502,0,1,5.0,0.0,0.0
scpb5.txt,depth_first_intermediate,75.0,75.0,,1,120.0912,120.0912,120.0912,,81.8913,38.1999,358.0,358,358,1,1,6.0,1.0,0.1667
scpb5.txt,depth_first_none,inf,inf,,1,120.0446,120.0446,120.0446,,120.0446,0.0,145.0,145,145,0,1,0.0,0.0,0.0
scpb5.txt,hybrid_df_bf_advanced,72.0,72.0,,1,126.1214,126.1214,126.1214,,80.2074,45.914,379.0,379,379,1,1,2.0,0.0,0.0
scpb5.txt,hybrid_df_bf_basic,78.0,78.0,,1,120.1498,120.1498,120.1498,,119.2458,0.904,696.0,696,696,0,1,6.0,0.0,0.0
scpb5.txt,hybrid_df_bf_intermediate,75.0,75.0,,1,120.1164,120.1164,120.1164,,81.6902,38.4261,466.0,466,466,1,1,6.0,1.0,0.1667
scpb5.txt,hybrid_df_bf_none,inf,inf,,1,120.0333,120.0333,120.0333,,120.0333,0.0,691.0,691,691,0,1,0.0,0.0,0.0
scpb5.txt,most_fractional_advanced,inf,inf,,1,120.162,120.162,120.162,,120.162,0.0,410.0,410,410,0,1,0.0,0.0,0.0
scpb5.txt,most_fractional_basic,78.0,78.0,,1,120.1296,120.1296,120.1296,,118.608,1.5216,473.0,473,473,0,1,5.0,0.0,0.0
scpb5.txt,most_fractional_intermediate,75.0,75.0,,1,120.0057,120.0057,120.0057,,83.5064,36.4993,339.0,339,339,1,1,6.0,1.0,0.1667
scpb5.txt,most_fractional_none,inf,inf,,1,120.3964,120.3964,120.3964,,120.3964,0.0,298.0,298,298,0,1,0.0,0.0,0.0
scpc1.txt,best_first_advanced,inf,inf,,1,120.0,120.0,120.0,,120.0,0.0,0.0,0,0,0,1,0.0,0.0,0.0
scpc1.txt,best_first_basic,258.0,258.0,,1,120.1923,120.1923,120.1923,,118.0783,2.114,741.0,741,741,0,1,6.0,0.0,0.0
scpc1.txt,best_first_intermediate,251.0,251.0,,1,692.1835,692.1835,692.1835,,0.003,692.1805,0.0,0,0,0,1,4.0,1.0,0.25
scpc1.txt,best_first_none,inf,inf,,1,120.1304,120.1304,120.1304,,120.1304,0.0,766.0,766,766,0,1,0.0,0.0,0.0
scpc1.txt,breadth_first_advanced,inf,inf,,1,120.0,120.0,120.0,,120.0,0.0,0.0,0,0,0,1,0.0,0.0,0.0
scpc1.txt,breadth_first_basic,258.0,258.0,,1,120.0035,120.0035,120.0035,,117.8765,2.127,733.0,733,733,0,1,6.0,0.0,0.0
scpc1.txt,breadth_first_intermediate,251.0,251.0,,1,698.0988,698.0988,698.0988,,0.001,698.0978,0.0,0,0,0,1,4.0,1.0,0.25
scpc1.txt,breadth_first_none,inf,inf,,1,120.001,120.001,120.001,,120.001,0.0,787.0,787,787,0,1,0.0,0.0,0.0
scpc1.txt,depth_first_advanced,inf,inf,,1,120.0,120.0,120.0,,120.0,0.0,0.0,0,0,0,1,0.0,0.0,0.0
scpc1.txt,depth_first_basic,258.0,258.0,,1,120.0321,120.0321,120.0321,,117.8801,2.152,733.0,733,733,0,1,6.0,0.0,0.0
scpc1.txt,depth_first_intermediate,251.0,251.0,,1,704.964,704.964,704.964,,0.003,704.961,0.0,0,0,0,1,4.0,1.0,0.25
scpc1.txt,depth_first_none,inf,inf,,1,120.1336,120.1336,120.1336,,120.1336,0.0,759.0,759,759,0,1,0.0,0.0,0.0
scpc1.txt,hybrid_df_bf_advanced,inf,inf,,1,120.0,120.0,120.0,,120.0,0.0,0.0,0,0,0,1,0.0,0.0,0.0
scpc1.txt,hybrid_df_bf_basic,258.0,258.0,,1,120.1445,120.1445,120.1445,,118.0625,2.082,748.0,748,748,0,1,6.0,0.0,0.0
scpc1.txt,hybrid_df_bf_intermediate,251.0,251.0,,1,697.3594,697.3594,697.3594,,0.002,697.3574,0.0,0,0,0,1,4.0,1.0,0.25
scpc1.txt,hybrid_df_bf_none,inf,inf,,1,120.0883,120.0883,120.0883,,120.0883,0.0,760.0,760,760,0,1,0.0,0.0,0.0
scpc1.txt,most_fractional_advanced,inf,inf,,1,120.0,120.0,120.0,,120.0,0.0,0.0,0,0,0,1,0.0,0.0,0.0
scpc1.txt,most_fractional_basic,258.0,258.0,,1,120.0893,120.0893,120.0893,,118.0783,2.011,754.0,754,754,0,1,6.0,0.0,0.0
scpc1.txt,most_fractional_intermediate,251.0,251.0,,1,694.2083,694.2083,694.2083,,0.002,694.2063,0.0,0,0,0,1,4.0,1.0,0.25
scpc1.txt,most_fractional_none,inf,inf,,1,120.1122,120.1122,120.1122,,120.1122,0.0,757.0,757,757,0,1,0.0,0.0,0.0
scpc2.txt,best_first_advanced,inf,inf,,1,120.0,120.0,120.0,,120.0,0.0,0.0,0,0,0,1,0.0,0.0,0.0
scpc2.txt,best_first_basic,258.0,258.0,,1,120.1418,120.1418,120.1418,,118.1688,1.973,739.0,739,739,0,1,6.0,0.0,0.0
scpc2.txt,best_first_intermediate,246.0,246.0,,1,832.6077,832.6077,832.6077,,0.002,832.6057,0.0,0,0,0,1,4.0,1.0,0.25
scpc2.txt,best_first_none,inf,inf,,1,120.1674,120.1674,120.1674,,120.1674,0.0,782.0,782,782,0,1,0.0,0.0,0.0
scpc2.txt,breadth_first_advanced,inf,inf,,1,120.0,120.0,120.0,,120.0,0.0,0.0,0,0,0,1,0.0,0.0,0.0
scpc2.txt,breadth_first_basic,258.0,258.0,,1,120.0148,120.0148,120.0148,,117.9768,2.038,739.0,739,739,0,1,6.0,0.0,0.0
scpc2.txt,breadth_first_intermediate,246.0,246.0,,1,829.7795,829.7795,829.7795,,0.002,829.7775,0.0,0,0,0,1,4.0,1.0,0.25
scpc2.txt,breadth_first_none,inf,inf,,1,120.0025,120.0025,120.0025,,120.0025,0.0,759.0,759,759,0,1,0.0,0.0,0.0
scpc2.txt,depth_first_advanced,inf,inf,,1,120.0,120.0,120.0,,120.0,0.0,0.0,0,0,0,1,0.0,0.0,0.0
scpc2.txt,depth_first_basic,258.0,258.0,,1,120.1355,120.1355,120.1355,,118.0915,2.044,712.0,712,712,0,1,6.0,0.0,0.0
scpc2.txt,depth_first_intermediate,246.0,246.0,,1,837.6502,837.6502,837.6502,,0.002,837.6482,0.0,0,0,0,1,4.0,1.0,0.25
scpc2.txt,depth_first_none,inf,inf,,1,120.023,120.023,120.023,,120.023,0.0,782.0,782,782,0,1,0.0,0.0,0.0
scpc2.txt,hybrid_df_bf_advanced,inf,inf,,1,120.0,120.0,120.0,,120.0,0.0,0.0,0,0,0,1,0.0,0.0,0.0
scpc2.txt,hybrid_df_bf_basic,258.0,258.0,,1,120.1144,120.1144,120.1144,,118.0944,2.02,745.0,745,745,0,1,6.0,0.0,0.0
scpc2.txt,hybrid_df_bf_intermediate,246.0,246.0,,1,836.7501,836.7501,836.7501,,0.002,836.7481,0.0,0,0,0,1,4.0,1.0,0.25
scpc2.txt,hybrid_df_bf_none,inf,inf,,1,120.126,120.126,120.126,,120.126,0.0,776.0,776,776,0,1,0.0,0.0,0.0
scpc2.txt,most_fractional_advanced,inf,inf,,1,120.0,120.0,120.0,,120.0,0.0,0.0,0,0,0,1,0.0,0.0,0.0
scpc2.txt,most_fractional_basic,258.0,258.0,,1,120.0547,120.0547,120.0547,,117.9497,2.105,736.0,736,736,0,1,6.0,0.0,0.0
scpc2.txt,most_fractional_intermediate,246.0,246.0,,1,824.2452,824.2452,824.2452,,0.002,824.2432,0.0,0,0,0,1,4.0,1.0,0.25
scpc2.txt,most_fractional_none,inf,inf,,1,120.1477,120.1477,120.1477,,120.1477,0.0,778.0,778,778,0,1,0.0,0.0,0.0
scpc3.txt,best_first_advanced,inf,inf,,1,120.0,120.0,120.0,,120.0,0.0,0.0,0,0,0,1,0.0,0.0,0.0
scpc3.txt,best_first_basic,276.0,276.0,,1,120.2724,120.2724,120.2724,,117.4254,2.847,617.0,617,617,0,1,6.0,0.0,0.0
scpc3.txt,best_first_intermediate,270.0,270.0,,1,535.4634,535.4634,535.4634,,0.004,535.4594,0.0,0,0,0,1,4.0,1.0,0.25
scpc3.txt,best_first_none,inf,inf,,1,120.1243,120.1243,120.1243,,120.1243,0.0,613.0,613,613,0,1,0.0,0.0,0.0
scpc3.txt,breadth_first_advanced,inf,inf,,1,120.0,120.0,120.0,,120.0,0.0,0.0,0,0,0,1,0.0,0.0,0.0
scpc3.txt,breadth_first_basic,276.0,276.0,,1,120.1807,120.1807,120.1807,,116.6276,3.5531,616.0,616,616,0,1,6.0,0.0,0.0
scpc3.txt,breadth_first_intermediate,270.0,270.0,,1,580.9612,580.9612,580.9612,,0.002,580.9592,0.0,0,0,0,1,4.0,1.0,0.25
scpc3.txt,breadth_first_none,inf,inf,,1,120.064,120.064,120.064,,120.064,0.0,626.0,626,626,0,1,0.0,0.0,0.0
scpc3.txt,depth_first_advanced,inf,inf,,1,120.0,120.0,120.0,,120.0,0.0,0.0,0,0,0,1,0.0,0.0,0.0
scpc3.txt,depth_first_basic,276.0,276.0,,1,120.0427,120.0427,120.0427,,118.0917,1.951,707.0,707,707,0,1,6.0,0.0,0.0
scpc3.txt,depth_first_intermediate,270.0,270.0,,1,443.9885,443.9885,443.9885,,0.002,443.9865,0.0,0,0,0,1,4.0,1.0,0.25
scpc3.txt,depth_first_none,inf,inf,,1,120.099,120.099,120.099,,120.099,0.0,750.0,750,750,0,1,0.0,0.0,0.0
scpc3.txt,hybrid_df_bf_advanced,inf,inf,,1,120.0,120.0,120.0,,120.0,0.0,0.0,0,0,0,1,0.0,0.0,0.0
scpc3.txt,hybrid_df_bf_basic,276.0,276.0,,1,120.1141,120.1141,120.1141,,118.1261,1.988,529.0,529,529,0,1,5.0,0.0,0.0
scpc3.txt,hybrid_df_bf_intermediate,270.0,270.0,,1,611.5187,611.5187,611.5187,,0.002,611.5167,0.0,0,0,0,1,4.0,1.0,0.25
scpc3.txt,hybrid_df_bf_none,inf,inf,,1,120.0721,120.0721,120.0721,,120.0721,0.0,679.0,679,679,0,1,0.0,0.0,0.0
scpc3.txt,most_fractional_advanced,inf,inf,,1,120.0,120.0,120.0,,120.0,0.0,0.0,0,0,0,1,0.0,0.0,0.0
scpc3.txt,most_fractional_basic,276.0,276.0,,1,120.0426,120.0426,120.0426,,117.3396,2.703,603.0,603,603,0,1,6.0,0.0,0.0
scpc3.txt,most_fractional_intermediate,270.0,270.0,,1,468.6483,468.6483,468.6483,,0.003,468.6453,0.0,0,0,0,1,4.0,1.0,0.25
scpc3.txt,most_fractional_none,inf,inf,,1,120.1294,120.1294,120.1294,,120.1294,0.0,564.0,564,564,0,1,0.0,0.0,0.0
scpc4.txt,best_first_advanced,inf,inf,,1,120.0,120.0,120.0,,120.0,0.0,0.0,0,0,0,1,0.0,0.0,0.0
scpc4.txt,best_first_basic,257.0,257.0,,1,120.0164,120.0164,120.0164,,117.8854,2.131,649.0,649,649,0,1,6.0,0.0,0.0
scpc4.txt,best_first_intermediate,251.0,251.0,,1,564.7798,564.7798,564.7798,,0.003,564.7768,0.0,0,0,0,1,4.0,1.0,0.25
scpc4.txt,best_first_none,inf,inf,,1,120.0499,120.0499,120.0499,,120.0499,0.0,705.0,705,705,0,1,0.0,0.0,0.0
scpc4.txt,breadth_first_advanced,inf,inf,,1,120.0,120.0,120.0,,120.0,0.0,0.0,0,0,0,1,0.0,0.0,0.0
scpc4.txt,breadth_first_basic,257.0,257.0,,1,120.0802,120.0802,120.0802,,117.8212,2.259,642.0,642,642,0,1,6.0,0.0,0.0
scpc4.txt,breadth_first_intermediate,251.0,251.0,,1,576.1806,576.1806,576.1806,,0.002,576.1785,0.0,0,0,0,1,4.0,1.0,0.25
scpc4.txt,breadth_first_none,inf,inf,,1,120.1339,120.1339,120.1339,,120.1339,0.0,548.0,548,548,0,1,0.0,0.0,0.0
scpc4.txt,depth_first_advanced,inf,inf,,1,120.0,120.0,120.0,,120.0,0.0,0.0,0,0,0,1,0.0,0.0,0.0
scpc4.txt,depth_first_basic,257.0,257.0,,1,120.0848,120.0848,120.0848,,117.1878,2.897,480.0,480,480,0,1,5.0,0.0,0.0
scpc4.txt,depth_first_intermediate,251.0,251.0,,1,736.7164,736.7164,736.7164,,0.002,736.7144,0.0,0,0,0,1,4.0,1.0,0.25
scpc4.txt,depth_first_none,inf,inf,,1,120.0829,120.0829,120.0829,,120.0829,0.0,599.0,599,599,0,1,0.0,0.0,0.0
scpc4.txt,hybrid_df_bf_advanced,inf,inf,,1,120.0,120.0,120.0,,120.0,0.0,0.0,0,0,0,1,0.0,0.0,0.0
scpc4.txt,hybrid_df_bf_basic,257.0,257.0,,1,120.0605,120.0605,120.0605,,118.0255,2.035,680.0,680,680,0,1,6.0,0.0,0.0
scpc4.txt,hybrid_df_bf_intermediate,251.0,251.0,,1,571.7135,571.7135,571.7135,,0.003,571.7105,0.0,0,0,0,1,4.0,1.0,0.25
scpc4.txt,hybrid_df_bf_none,inf,inf,,1,120.0207,120.0207,120.0207,,120.0207,0.0,695.0,695,695,0,1,0.0,0.0,0.0
scpc4.txt,most_fractional_advanced,inf,inf,,1,120.0,120.0,120.0,,120.0,0.0,0.0,0,0,0,1,0.0,0.0,0.0
scpc4.txt,most_fractional_basic,257.0,257.0,,1,120.1502,120.1502,120.1502,,118.0452,2.105,620.0,620,620,0,1,6.0,0.0,0.0
scpc4.txt,most_fractional_intermediate,251.0,251.0,,1,568.9295,568.9295,568.9295,,0.002,568.9275,0.0,0,0,0,1,4.0,1.0,0.25
scpc4.txt,most_fractional_none,inf,inf,,1,120.1041,120.1041,120.1041,,120.1041,0.0,652.0,652,652,0,1,0.0,0.0,0.0
scpc5.txt,best_first_advanced,inf,inf,,1,120.0,120.0,120.0,,120.0,0.0,0.0,0,0,0,1,0.0,0.0,0.0
scpc5.txt,best_first_basic,233.0,233.0,,1,120.1126,120.1126,120.1126,,117.8786,2.234,673.0,673,673,0,1,6.0,0.0,0.0
scpc5.txt,best_first_intermediate,229.0,229.0,,1,420.535,420.535,420.535,,0.002,420.533,0.0,0,0,0,1,4.0,1.0,0.25
scpc5.txt,best_first_none,inf,inf,,1,120.1284,120.1284,120.1284,,120.1284,0.0,680.0,680,680,0,1,0.0,0.0,0.0
scpc5.txt,breadth_first_advanced,inf,inf,,1,120.0,120.0,120.0,,120.0,0.0,0.0,0,0,0,1,0.0,0.0,0.0
scpc5.txt,breadth_first_basic,233.0,233.0,,1,120.1144,120.1144,120.1144,,117.9074,2.207,668.0,668,668,0,1,6.0,0.0,0.0
scpc5.txt,breadth_first_intermediate,229.0,229.0,,1,423.7561,423.7561,423.7561,,0.003,423.7531,0.0,0,0,0,1,4.0,1.0,0.25
scpc5.txt,breadth_first_none,inf,inf,,1,120.0241,120.0241,120.0241,,120.0241,0.0,694.0,694,694,0,1,0.0,0.0,0.0
scpc5.txt,depth_first_advanced,inf,inf,,1,120.0,120.0,120.0,,120.0,0.0,0.0,0,0,0,1,0.0,0.0,0.0
scpc5.txt,depth_first_basic,233.0,233.0,,1,120.1693,120.1693,120.1693,,117.9812,2.188,638.0,638,638,0,1,6.0,0.0,0.0
scpc5.txt,depth_first_intermediate,229.0,229.0,,1,421.422,421.422,421.422,,0.002,421.42,0.0,0,0,0,1,4.0,1.0,0.25
scpc5.txt,depth_first_none,inf,inf,,1,120.121,120.121,120.121,,120.121,0.0,653.0,653,653,0,1,0.0,0.0,0.0
scpc5.txt,hybrid_df_bf_advanced,inf,inf,,1,120.0,120.0,120.0,,120.0,0.0,0.0,0,0,0,1,0.0,0.0,0.0
scpc5.txt,hybrid_df_bf_basic,233.0,233.0,,1,120.1083,120.1083,120.1083,,117.9643,2.144,671.0,671,671,0,1,6.0,0.0,0.0
scpc5.txt,hybrid_df_bf_intermediate,229.0,229.0,,1,419.3609,419.3609,419.3609,,0.002,419.3589,0.0,0,0,0,1,4.0,1.0,0.25
scpc5.txt,hybrid_df_bf_none,inf,inf,,1,120.1008,120.1008,120.1008,,120.1008,0.0,689.0,689,689,0,1,0.0,0.0,0.0
scpc5.txt,most_fractional_advanced,inf,inf,,1,120.0,120.0,120.0,,120.0,0.0,0.0,0,0,0,1,0.0,0.0,0.0
scpc5.txt,most_fractional_basic,233.0,233.0,,1,120.057,120.057,120.057,,117.934,2.123,678.0,678,678,0,1,6.0,0.0,0.0
scpc5.txt,most_fractional_intermediate,229.0,229.0,,1,415.1846,415.1846,415.1846,,0.001,415.1836,0.0,0,0,0,1,4.0,1.0,0.25
scpc5.txt,most_fractional_none,inf,inf,,1,120.026,120.026,120.026,,120.026,0.0,653.0,653,653,0,1,0.0,0.0,0.0
scpclr10.txt,best_first_advanced,inf,inf,,1,120.0,120.0,120.0,,120.0,0.0,0.0,0,0,0,1,0.0,0.0,0.0
scpclr10.txt,best_first_basic,33.0,33.0,,1,120.0312,120.0312,120.0312,,119.8982,0.133,1448.0,1448,1448,0,1,9.0,0.0,0.0
scpclr10.txt,best_first_intermediate,32.0,32.0,,1,120.0611,120.0611,120.0611,,119.4011,0.66,1459.0,1459,1459,0,1,10.0,1.0,0.1
scpclr10.txt,best_first_none,inf,inf,,1,120.0425,120.0425,120.0425,,120.0425,0.0,1363.0,1363,1363,0,1,0.0,0.0,0.0
scpclr10.txt,breadth_first_advanced,inf,inf,,1,120.0,120.0,120.0,,120.0,0.0,0.0,0,0,0,1,0.0,0.0,0.0
scpclr10.txt,breadth_first_basic,33.0,33.0,,1,120.0614,120.0614,120.0614,,119.8994,0.162,1454.0,1454,1454,0,1,9.0,0.0,0.0
scpclr10.txt,breadth_first_intermediate,32.0,32.0,,1,120.0167,120.0167,120.0167,,119.3477,0.669,1475.0,1475,1475,0,1,10.0,1.0,0.1
scpclr10.txt,breadth_first_none,inf,inf,,1,120.0633,120.0633,120.0633,,120.0633,0.0,1443.0,1443,1443,0,1,0.0,0.0,0.0
scpclr10.txt,depth_first_advanced,inf,inf,,1,120.0,120.0,120.0,,120.0,0.0,0.0,0,0,0,1,0.0,0.0,0.0
scpclr10.txt,depth_first_basic,33.0,33.0,,1,120.0051,120.0051,120.0051,,119.8641,0.141,1447.0,1447,1447,0,1,9.0,0.0,0.0
scpclr10.txt,depth_first_intermediate,32.0,32.0,,1,120.0682,120.0682,120.0682,,119.3642,0.704,1451.0,1451,1451,0,1,10.0,1.0,0.1
scpclr10.txt,depth_first_none,inf,inf,,1,120.0104,120.0104,120.0104,,120.0104,0.0,1474.0,1474,1474,0,1,0.0,0.0,0.0
scpclr10.txt,hybrid_df_bf_advanced,inf,inf,,1,120.0,120.0,120.0,,120.0,0.0,0.0,0,0,0,1,0.0,0.0,0.0
scpclr10.txt,hybrid_df_bf_basic,33.0,33.0,,1,120.0232,120.0232,120.0232,,119.8702,0.153,1434.0,1434,1434,0,1,9.0,0.0,0.0
scpclr10.txt,hybrid_df_bf_intermediate,32.0,32.0,,1,120.0169,120.0169,120.0169,,119.3509,0.666,1429.0,1429,1429,0,1,10.0,1.0,0.1
scpclr10.txt,hybrid_df_bf_none,inf,inf,,1,120.0194,120.0194,120.0194,,120.0194,0.0,1449.0,1449,1449,0,1,0.0,0.0,0.0
scpclr10.txt,most_fractional_advanced,inf,inf,,1,120.0,120.0,120.0,,120.0,0.0,0.0,0,0,0,1,0.0,0.0,0.0
scpclr10.txt,most_fractional_basic,33.0,33.0,,1,120.0148,120.0148,120.0148,,119.8788,0.136,1438.0,1438,1438,0,1,9.0,0.0,0.0
scpclr10.txt,most_fractional_intermediate,32.0,32.0,,1,120.0033,120.0033,120.0033,,119.3403,0.663,1441.0,1441,1441,0,1,10.0,1.0,0.1
scpclr10.txt,most_fractional_none,inf,inf,,1,120.0089,120.0089,120.0089,,120.0089,0.0,1457.0,1457,1457,0,1,0.0,0.0,0.0
scpclr11.txt,best_first_advanced,inf,inf,,1,120.0359,120.0359,120.0359,,120.0359,0.0,240.0,240,240,0,1,0.0,0.0,0.0
scpclr11.txt,best_first_basic,30.0,30.0,,1,120.1175,120.1175,120.1175,,119.8545,0.263,217.0,217,217,0,1,4.0,0.0,0.0
scpclr11.txt,best_first_intermediate,30.0,30.0,,1,120.0259,120.0259,120.0259,,118.7709,1.255,219.0,219,219,0,1,5.0,0.0,0.0
scpclr11.txt,best_first_none,inf,inf,,1,120.3475,120.3475,120.3475,,120.3475,0.0,228.0,228,228,0,1,0.0,0.0,0.0
scpclr11.txt,breadth_first_advanced,inf,inf,,1,120.2062,120.2062,120.2062,,120.2062,0.0,309.0,309,309,0,1,0.0,0.0,0.0
scpclr11.txt,breadth_first_basic,30.0,30.0,,1,120.1169,120.1169,120.1169,,119.8469,0.27,344.0,344,344,0,1,4.0,0.0,0.0
scpclr11.txt,breadth_first_intermediate,30.0,30.0,,1,120.0712,120.0712,120.0712,,118.8672,1.204,362.0,362,362,0,1,5.0,0.0,0.0
scpclr11.txt,breadth_first_none,inf,inf,,1,120.2254,120.2254,120.2254,,120.2254,0.0,367.0,367,367,0,1,0.0,0.0,0.0
scpclr11.txt,depth_first_advanced,36.0,36.0,,1,120.4296,120.4296,120.4296,,119.3396,1.09,212.0,212,212,1,1,1.0,0.0,0.0
scpclr11.txt,depth_first_basic,26.0,26.0,,1,120.4432,120.4432,120.4432,,120.1722,0.271,201.0,201,201,1,1,4.0,0.0,0.0
scpclr11.txt,depth_first_intermediate,26.0,26.0,,1,120.0777,120.0777,120.0777,,118.8887,1.189,198.0,198,198,1,1,5.0,0.0,0.0
scpclr11.txt,depth_first_none,26.0,26.0,,1,120.3122,120.3122,120.3122,,120.3122,0.0,192.0,192,192,1,1,0.0,0.0,0.0
scpclr11.txt,hybrid_df_bf_advanced,inf,inf,,1,120.0893,120.0893,120.0893,,120.0893,0.0,267.0,267,267,0,1,0.0,0.0,0.0
scpclr11.txt,hybrid_df_bf_basic,30.0,30.0,,1,120.3923,120.3923,120.3923,,119.9493,0.443,237.0,237,237,0,1,4.0,0.0,0.0
scpclr11.txt,hybrid_df_bf_intermediate,30.0,30.0,,1,120.227,120.227,120.227,,118.999,1.228,231.0,231,231,0,1,5.0,0.0,0.0
scpclr11.txt,hybrid_df_bf_none,inf,inf,,1,120.012,120.012,120.012,,120.012,0.0,232.0,232,232,0,1,0.0,0.0,0.0
scpclr11.txt,most_fractional_advanced,inf,inf,,1,120.3672,120.3672,120.3672,,120.3672,0.0,240.0,240,240,0,1,0.0,0.0,0.0
scpclr11.txt,most_fractional_basic,30.0,30.0,,1,120.1054,120.1054,120.1054,,119.8464,0.259,246.0,246,246,0,1,4.0,0.0,0.0
scpclr11.txt,most_fractional_intermediate,30.0,30.0,,1,120.1681,120.1681,120.1681,,118.9061,1.262,226.0,226,226,0,1,5.0,0.0,0.0
scpclr11.txt,most_fractional_none,inf,inf,,1,120.1153,120.1153,120.1153,,120.1153,0.0,229.0,229,229,0,1,0.0,0.0,0.0
scpclr12.txt,best_first_advanced,inf,inf,,1,121.5586,121.5586,121.5586,,121.5586,0.0,49.0,49,49,0,1,0.0,0.0,0.0
scpclr12.txt,best_first_basic,32.0,32.0,,1,122.3062,122.3062,122.3062,,120.864,1.4423,51.0,51,51,0,1,3.0,0.0,0.0
scpclr12.txt,best_first_intermediate,32.0,32.0,,1,121.3733,121.3733,121.3733,,116.5143,4.859,49.0,49,49,0,1,4.0,0.0,0.0
scpclr12.txt,best_first_none,inf,inf,,1,121.7583,121.7583,121.7583,,121.7583,0.0,49.0,49,49,0,1,0.0,0.0,0.0
scpclr12.txt,breadth_first_advanced,inf,inf,,1,120.5787,120.5787,120.5787,,120.5787,0.0,82.0,82,82,0,1,0.0,0.0,0.0
scpclr12.txt,breadth_first_basic,32.0,32.0,,1,120.7656,120.7656,120.7656,,118.4886,2.277,75.0,75,75,0,1,3.0,0.0,0.0
scpclr12.txt,breadth_first_intermediate,32.0,32.0,,1,120.1028,120.1028,120.1028,,115.2518,4.851,74.0,74,74,0,1,4.0,0.0,0.0
scpclr12.txt,breadth_first_none,inf,inf,,1,120.4966,120.4966,120.4966,,120.4966,0.0,82.0,82,82,0,1,0.0,0.0,0.0
scpclr12.txt,depth_first_advanced,inf,inf,,1,121.8735,121.8735,121.8735,,121.8735,0.0,42.0,42,42,0,1,0.0,0.0,0.0
scpclr12.txt,depth_first_basic,32.0,32.0,,1,123.04,123.04,123.04,,121.7129,1.327,46.0,46,46,0,1,3.0,0.0,0.0
scpclr12.txt,depth_first_intermediate,32.0,32.0,,1,122.2813,122.2813,122.2813,,113.9437,8.3376,43.0,43,43,0,1,4.0,0.0,0.0
scpclr12.txt,depth_first_none,inf,inf,,1,121.5116,121.5116,121.5116,,121.5116,0.0,45.0,45,45,0,1,0.0,0.0,0.0
scpclr12.txt,hybrid_df_bf_advanced,inf,inf,,1,120.3386,120.3386,120.3386,,120.3386,0.0,71.0,71,71,0,1,0.0,0.0,0.0
scpclr12.txt,hybrid_df_bf_basic,32.0,32.0,,1,120.2015,120.2015,120.2015,,118.8995,1.302,68.0,68,68,0,1,3.0,0.0,0.0
scpclr12.txt,hybrid_df_bf_intermediate,32.0,32.0,,1,120.3453,120.3453,120.3453,,115.3853,4.96,68.0,68,68,0,1,4.0,0.0,0.0
scpclr12.txt,hybrid_df_bf_none,inf,inf,,1,120.5842,120.5842,120.5842,,120.5842,0.0,72.0,72,72,0,1,0.0,0.0,0.0
scpclr12.txt,most_fractional_advanced,inf,inf,,1,121.2687,121.2687,121.2687,,121.2687,0.0,51.0,51,51,0,1,0.0,0.0,0.0
scpclr12.txt,most_fractional_basic,32.0,32.0,,1,120.4238,120.4238,120.4238,,118.0618,2.362,49.0,49,49,0,1,3.0,0.0,0.0
scpclr12.txt,most_fractional_intermediate,32.0,32.0,,1,122.1037,122.1037,122.1037,,117.1297,4.974,49.0,49,49,0,1,4.0,0.0,0.0
scpclr12.txt,most_fractional_none,inf,inf,,1,120.7332,120.7332,120.7332,,120.7332,0.0,52.0,52,52,0,1,0.0,0.0,0.0
